{
  "0": {
    "precision": 0.875,
    "recall": 1.0,
    "f1-score": 0.9333333333333333,
    "support": 21.0
  },
  "1": {
    "precision": 0.75,
    "recall": 0.5454545454545454,
    "f1-score": 0.631578947368421,
    "support": 22.0
  },
  "2": {
    "precision": 0.72,
    "recall": 0.8181818181818182,
    "f1-score": 0.7659574468085106,
    "support": 22.0
  },
  "accuracy": 0.7846153846153846,
  "macro avg": {
    "precision": 0.7816666666666666,
    "recall": 0.787878787878788,
    "f1-score": 0.776956575836755,
    "support": 65.0
  },
  "weighted avg": {
    "precision": 0.7802307692307693,
    "recall": 0.7846153846153846,
    "f1-score": 0.7745507795675768,
    "support": 65.0
  }
}