{
  "0": {
    "precision": 0.875,
    "recall": 1.0,
    "f1-score": 0.9333333333333333,
    "support": 21.0
  },
  "1": {
    "precision": 0.5714285714285714,
    "recall": 0.5454545454545454,
    "f1-score": 0.5581395348837209,
    "support": 22.0
  },
  "2": {
    "precision": 0.65,
    "recall": 0.5909090909090909,
    "f1-score": 0.6190476190476191,
    "support": 22.0
  },
  "accuracy": 0.7076923076923077,
  "macro avg": {
    "precision": 0.6988095238095239,
    "recall": 0.712121212121212,
    "f1-score": 0.7035068290882244,
    "support": 65.0
  },
  "weighted avg": {
    "precision": 0.696098901098901,
    "recall": 0.7076923076923077,
    "f1-score": 0.6999710367152228,
    "support": 65.0
  }
}