epoch,train_loss,val_loss,val_acc,val_balanced_acc,val_f1_macro,val_f1_weighted,val_recall_0,val_recall_1,val_recall_2
1,0.7166681215167046,0.7446351725122203,0.5652173913043478,0.5654761904761905,0.5475256769374416,0.5481427353550117,0.875,0.25,0.5714285714285714
2,0.6889415606856346,0.7593646956526715,0.6521739130434783,0.6607142857142857,0.6209150326797386,0.6172208013640238,0.875,0.25,0.8571428571428571
