{
  "0": {
    "precision": 0.9090909090909091,
    "recall": 0.9523809523809523,
    "f1-score": 0.9302325581395349,
    "support": 21.0
  },
  "1": {
    "precision": 0.6129032258064516,
    "recall": 0.8636363636363636,
    "f1-score": 0.7169811320754716,
    "support": 22.0
  },
  "2": {
    "precision": 0.9166666666666666,
    "recall": 0.5,
    "f1-score": 0.6470588235294118,
    "support": 22.0
  },
  "accuracy": 0.7692307692307693,
  "macro avg": {
    "precision": 0.8128869338546757,
    "recall": 0.7720057720057719,
    "f1-score": 0.7647575045814728,
    "support": 65.0
  },
  "weighted avg": {
    "precision": 0.8114068726971952,
    "recall": 0.7692307692307693,
    "f1-score": 0.7622117345267334,
    "support": 65.0
  }
}