epoch,train_loss,val_loss,val_acc,val_balanced_acc,val_f1_macro,val_f1_weighted,val_recall_0,val_recall_1,val_recall_2
1,0.6081115864217281,0.7603744864463806,0.6521739130434783,0.6666666666666666,0.5296296296296296,0.5222222222222221,1.0,0.0,1.0
2,0.5602233186364174,0.7389354213424351,0.6521739130434783,0.6666666666666666,0.5296296296296296,0.5222222222222221,1.0,0.0,1.0
3,0.469647329300642,0.7019376184629358,0.6521739130434783,0.6666666666666666,0.5296296296296296,0.5222222222222221,1.0,0.0,1.0
4,0.49041949585080147,0.6579472940901051,0.6956521739130435,0.7083333333333334,0.6159844054580897,0.6107297228578694,1.0,0.125,1.0
5,0.47889532521367073,0.6548259284185327,0.6956521739130435,0.7083333333333334,0.6159844054580897,0.6107297228578694,1.0,0.125,1.0
6,0.3943277634680271,0.6483960177587427,0.7391304347826086,0.75,0.6926728586171311,0.690752456589043,1.0,0.25,1.0
7,0.42032670229673386,0.6333743748457535,0.782608695652174,0.7916666666666666,0.7548029312735195,0.7538040249037692,1.0,0.375,1.0
8,0.41018856316804886,0.6479269032892974,0.7391304347826086,0.75,0.6926728586171311,0.690752456589043,1.0,0.25,1.0
