epoch,train_loss,val_loss,val_acc,val_balanced_acc,val_f1_macro,val_f1_weighted,val_recall_0,val_recall_1,val_recall_2
1,0.6070551089942455,0.6362521907557612,0.7391304347826086,0.7380952380952381,0.7380952380952381,0.7391304347826086,0.875,0.625,0.7142857142857143
2,0.478605505079031,0.7312529112981714,0.7391304347826086,0.75,0.7175925925925926,0.714975845410628,0.875,0.375,1.0
