epoch,train_loss,val_loss,val_acc,val_balanced_acc,val_f1_macro,val_f1_weighted,val_recall_0,val_recall_1,val_recall_2
1,0.6034124679863453,0.7090209903924362,0.7391304347826086,0.75,0.7156862745098039,0.7109974424552429,0.875,0.375,1.0
2,0.5326805524528027,0.7330743307652681,0.7391304347826086,0.75,0.7156862745098039,0.7109974424552429,0.875,0.375,1.0
