{
  "0": {
    "precision": 0.84,
    "recall": 1.0,
    "f1-score": 0.9130434782608695,
    "support": 21.0
  },
  "1": {
    "precision": 0.9166666666666666,
    "recall": 0.5,
    "f1-score": 0.6470588235294118,
    "support": 22.0
  },
  "2": {
    "precision": 0.75,
    "recall": 0.9545454545454546,
    "f1-score": 0.84,
    "support": 22.0
  },
  "accuracy": 0.8153846153846154,
  "macro avg": {
    "precision": 0.8355555555555556,
    "recall": 0.8181818181818182,
    "f1-score": 0.8000341005967604,
    "support": 65.0
  },
  "weighted avg": {
    "precision": 0.8354871794871794,
    "recall": 0.8153846153846154,
    "f1-score": 0.7982954947865433,
    "support": 65.0
  }
}