epoch,train_loss,val_loss,val_acc,val_balanced_acc,val_f1_macro,val_f1_weighted,val_recall_0,val_recall_1,val_recall_2
1,0.6101590916514397,0.7707282745319864,0.6521739130434783,0.6666666666666666,0.5296296296296296,0.5222222222222221,1.0,0.0,1.0
2,0.5641619600355625,0.7490139759105184,0.6521739130434783,0.6666666666666666,0.5296296296296296,0.5222222222222221,1.0,0.0,1.0
3,0.47230054810643196,0.7105572379153707,0.6521739130434783,0.6666666666666666,0.5296296296296296,0.5222222222222221,1.0,0.0,1.0
4,0.49685801938176155,0.6651706876962081,0.6521739130434783,0.6666666666666666,0.5296296296296296,0.5222222222222221,1.0,0.0,1.0
5,0.4869428239762783,0.6627291492793871,0.7391304347826086,0.75,0.6926728586171311,0.690752456589043,1.0,0.25,1.0
6,0.4008466266095638,0.6564144077508346,0.7391304347826086,0.75,0.6926728586171311,0.690752456589043,1.0,0.25,1.0
7,0.4256715774536133,0.6401821608128755,0.7391304347826086,0.75,0.6926728586171311,0.690752456589043,1.0,0.25,1.0
8,0.414737518876791,0.6552023965379467,0.7391304347826086,0.75,0.6926728586171311,0.690752456589043,1.0,0.25,1.0
