epoch,train_loss,val_loss,val_acc,val_balanced_acc,val_f1_macro,val_f1_weighted,val_recall_0,val_recall_1,val_recall_2
1,0.8206320330500603,0.7181401796962904,0.6956521739130435,0.6964285714285715,0.6903828197945846,0.6893435635123615,0.875,0.5,0.7142857142857143
2,0.6747694984078407,0.7180462686911874,0.782608695652174,0.7857142857142857,0.7680911680911681,0.7667038275733928,1.0,0.5,0.8571428571428571
3,0.6764697581529617,0.7186339290245719,0.782608695652174,0.7857142857142857,0.7680911680911681,0.7667038275733928,1.0,0.5,0.8571428571428571
