{
  "0": {
    "precision": 0.875,
    "recall": 1.0,
    "f1-score": 0.9333333333333333,
    "support": 21.0
  },
  "1": {
    "precision": 0.9,
    "recall": 0.8181818181818182,
    "f1-score": 0.8571428571428571,
    "support": 22.0
  },
  "2": {
    "precision": 0.9523809523809523,
    "recall": 0.9090909090909091,
    "f1-score": 0.9302325581395349,
    "support": 22.0
  },
  "accuracy": 0.9076923076923077,
  "macro avg": {
    "precision": 0.909126984126984,
    "recall": 0.9090909090909092,
    "f1-score": 0.9069029162052417,
    "support": 65.0
  },
  "weighted avg": {
    "precision": 0.9096520146520145,
    "recall": 0.9076923076923077,
    "f1-score": 0.9064962944032712,
    "support": 65.0
  }
}