{
  "0": {
    "precision": 1.0,
    "recall": 0.9375,
    "f1-score": 0.967741935483871,
    "support": 16.0
  },
  "1": {
    "precision": 0.7142857142857143,
    "recall": 0.8823529411764706,
    "f1-score": 0.7894736842105263,
    "support": 17.0
  },
  "2": {
    "precision": 0.8571428571428571,
    "recall": 0.7058823529411765,
    "f1-score": 0.7741935483870968,
    "support": 17.0
  },
  "accuracy": 0.84,
  "macro avg": {
    "precision": 0.8571428571428572,
    "recall": 0.8419117647058824,
    "f1-score": 0.8438030560271647,
    "support": 50.0
  },
  "weighted avg": {
    "precision": 0.8542857142857143,
    "recall": 0.84,
    "f1-score": 0.8413242784380305,
    "support": 50.0
  }
}