epoch,train_loss,val_loss,val_acc,val_balanced_acc,val_f1_macro,val_f1_weighted,val_recall_0,val_recall_1,val_recall_2
1,0.6795417377629231,0.5761215289433798,0.7777777777777778,0.7777777777777777,0.75,0.75,1.0,0.3333333333333333,1.0
2,0.7399998325662515,0.5554724733034769,0.8888888888888888,0.888888888888889,0.888888888888889,0.8888888888888888,1.0,0.8333333333333334,0.8333333333333334
3,0.6306425492788098,0.5406111677487692,0.8888888888888888,0.888888888888889,0.888888888888889,0.8888888888888888,1.0,0.8333333333333334,0.8333333333333334
4,0.6607540156116191,0.5283544063568115,0.8333333333333334,0.8333333333333334,0.8321678321678322,0.8321678321678322,1.0,0.8333333333333334,0.6666666666666666
5,0.6542748520054769,0.5174944566355811,0.8333333333333334,0.8333333333333334,0.8321678321678322,0.8321678321678322,1.0,0.8333333333333334,0.6666666666666666
6,0.5828261215662219,0.5182842678493924,0.9444444444444444,0.9444444444444445,0.9440559440559442,0.9440559440559441,1.0,0.8333333333333334,1.0
