{
  "0": {
    "precision": 0.84,
    "recall": 1.0,
    "f1-score": 0.9130434782608695,
    "support": 21.0
  },
  "1": {
    "precision": 0.38461538461538464,
    "recall": 0.45454545454545453,
    "f1-score": 0.4166666666666667,
    "support": 22.0
  },
  "2": {
    "precision": 0.42857142857142855,
    "recall": 0.2727272727272727,
    "f1-score": 0.3333333333333333,
    "support": 22.0
  },
  "accuracy": 0.5692307692307692,
  "macro avg": {
    "precision": 0.5510622710622711,
    "recall": 0.5757575757575758,
    "f1-score": 0.5543478260869564,
    "support": 65.0
  },
  "weighted avg": {
    "precision": 0.5466170752324598,
    "recall": 0.5692307692307692,
    "f1-score": 0.548829431438127,
    "support": 65.0
  }
}