epoch,train_loss,val_loss,val_acc,val_balanced_acc,val_f1_macro,val_f1_weighted,val_recall_0,val_recall_1,val_recall_2
1,0.7490979880094528,0.7521413020465685,0.5652173913043478,0.5535714285714285,0.5324074074074073,0.5410628019323671,1.0,0.375,0.2857142857142857
2,0.8472626507282257,0.7527635460314543,0.5652173913043478,0.5595238095238095,0.5343915343915343,0.5389924085576259,1.0,0.25,0.42857142857142855
