epoch,train_loss,val_loss,val_acc,val_balanced_acc,val_f1_macro,val_f1_weighted,val_recall_0,val_recall_1,val_recall_2
1,0.7610857114195824,0.7442868507426718,0.7391304347826086,0.75,0.6888888888888888,0.6850241545893719,1.0,0.25,1.0
2,0.6302140802145004,0.7226285778957865,0.782608695652174,0.7916666666666666,0.7526242820360466,0.7495414503087138,1.0,0.375,1.0
3,0.5899690538644791,0.6980094987413158,0.7391304347826086,0.7440476190476191,0.7129629629629629,0.7113526570048309,1.0,0.375,0.8571428571428571
4,0.5211984738707542,0.6665372109931448,0.6956521739130435,0.6904761904761904,0.6792022792022792,0.6819769602378297,1.0,0.5,0.5714285714285714
5,0.4999595247209072,0.6599868587825609,0.7391304347826086,0.7380952380952381,0.7248677248677248,0.7253278122843341,1.0,0.5,0.7142857142857143
6,0.5063277743756771,0.6511128220869147,0.8260869565217391,0.8273809523809524,0.8184873949579833,0.8192911947387651,1.0,0.625,0.8571428571428571
7,0.3837170973420143,0.6551827101603799,0.8260869565217391,0.8273809523809524,0.8184873949579833,0.8192911947387651,1.0,0.625,0.8571428571428571
