{
  "0": {
    "precision": 0.8148148148148148,
    "recall": 1.0,
    "f1-score": 0.8979591836734694,
    "support": 22.0
  },
  "1": {
    "precision": 0.4864864864864865,
    "recall": 0.8181818181818182,
    "f1-score": 0.6101694915254238,
    "support": 22.0
  },
  "2": {
    "precision": 1.0,
    "recall": 0.047619047619047616,
    "f1-score": 0.09090909090909091,
    "support": 21.0
  },
  "accuracy": 0.6307692307692307,
  "macro avg": {
    "precision": 0.7671004337671005,
    "recall": 0.621933621933622,
    "f1-score": 0.5330125887026613,
    "support": 65.0
  },
  "weighted avg": {
    "precision": 0.7635173635173634,
    "recall": 0.6307692307692307,
    "f1-score": 0.5398141809764085,
    "support": 65.0
  }
}