{
  "0": {
    "precision": 1.0,
    "recall": 0.9,
    "f1-score": 0.9473684210526315,
    "support": 10.0
  },
  "1": {
    "precision": 0.6666666666666666,
    "recall": 0.5454545454545454,
    "f1-score": 0.6,
    "support": 11.0
  },
  "2": {
    "precision": 0.6428571428571429,
    "recall": 0.8181818181818182,
    "f1-score": 0.72,
    "support": 11.0
  },
  "accuracy": 0.75,
  "macro avg": {
    "precision": 0.7698412698412698,
    "recall": 0.7545454545454545,
    "f1-score": 0.7557894736842105,
    "support": 32.0
  },
  "weighted avg": {
    "precision": 0.7626488095238095,
    "recall": 0.75,
    "f1-score": 0.7498026315789474,
    "support": 32.0
  }
}