{
  "0": {
    "precision": 0.9333333333333333,
    "recall": 0.9333333333333333,
    "f1-score": 0.9333333333333333,
    "support": 15.0
  },
  "1": {
    "precision": 0.56,
    "recall": 0.9333333333333333,
    "f1-score": 0.7,
    "support": 15.0
  },
  "2": {
    "precision": 1.0,
    "recall": 0.375,
    "f1-score": 0.5454545454545454,
    "support": 16.0
  },
  "accuracy": 0.7391304347826086,
  "macro avg": {
    "precision": 0.831111111111111,
    "recall": 0.7472222222222222,
    "f1-score": 0.7262626262626263,
    "support": 46.0
  },
  "weighted avg": {
    "precision": 0.8347826086956521,
    "recall": 0.7391304347826086,
    "f1-score": 0.7223320158102766,
    "support": 46.0
  }
}