epoch,train_loss,val_loss,val_acc,val_f1_macro,val_f1_weighted,val_balanced_acc,val_recall_0,val_recall_1,val_recall_2
1,0.6779805276128981,0.516327820280019,0.7058823529411765,0.5686274509803922,0.602076124567474,0.6666666666666666,1.0,1.0,0.0
2,0.713531862364875,0.5178061627289828,0.8235294117647058,0.8119658119658119,0.8144796380090498,0.8333333333333334,1.0,0.5,1.0
