epoch,train_loss,val_loss,val_acc,val_balanced_acc,val_f1_macro,val_f1_weighted,val_recall_0,val_recall_1,val_recall_2
1,0.5747450515627861,0.6772942646690037,0.7391304347826086,0.7440476190476191,0.7316526610644258,0.7286810376324443,0.875,0.5,0.8571428571428571
2,0.6075960323214531,0.6829322006391443,0.7391304347826086,0.7440476190476191,0.7316526610644258,0.7286810376324443,0.875,0.5,0.8571428571428571
