{
  "0": {
    "precision": 0.875,
    "recall": 1.0,
    "f1-score": 0.9333333333333333,
    "support": 21.0
  },
  "1": {
    "precision": 0.6296296296296297,
    "recall": 0.7727272727272727,
    "f1-score": 0.6938775510204082,
    "support": 22.0
  },
  "2": {
    "precision": 0.8571428571428571,
    "recall": 0.5454545454545454,
    "f1-score": 0.6666666666666666,
    "support": 22.0
  },
  "accuracy": 0.7692307692307693,
  "macro avg": {
    "precision": 0.787257495590829,
    "recall": 0.7727272727272728,
    "f1-score": 0.7646258503401361,
    "support": 65.0
  },
  "weighted avg": {
    "precision": 0.7859076109076109,
    "recall": 0.7692307692307693,
    "f1-score": 0.7620303506017793,
    "support": 65.0
  }
}