epoch,train_loss,val_loss,val_acc,val_balanced_acc,val_f1_macro,val_f1_weighted,val_recall_0,val_recall_1,val_recall_2
1,0.6211687438189983,0.6611985253251117,0.5652173913043478,0.5535714285714285,0.543870073281838,0.5517063215272934,0.875,0.5,0.2857142857142857
2,0.6179513856768608,0.6705484623494355,0.7391304347826086,0.7440476190476191,0.7316526610644258,0.7286810376324443,0.875,0.5,0.8571428571428571
