{
  "0": {
    "precision": 0.9230769230769231,
    "recall": 0.9230769230769231,
    "f1-score": 0.9230769230769231,
    "support": 13.0
  },
  "1": {
    "precision": 0.6875,
    "recall": 0.7857142857142857,
    "f1-score": 0.7333333333333333,
    "support": 14.0
  },
  "2": {
    "precision": 0.8333333333333334,
    "recall": 0.7142857142857143,
    "f1-score": 0.7692307692307693,
    "support": 14.0
  },
  "accuracy": 0.8048780487804879,
  "macro avg": {
    "precision": 0.8146367521367521,
    "recall": 0.8076923076923078,
    "f1-score": 0.8085470085470085,
    "support": 41.0
  },
  "weighted avg": {
    "precision": 0.8119918699186993,
    "recall": 0.8048780487804879,
    "f1-score": 0.8057535959974985,
    "support": 41.0
  }
}