{
  "0": {
    "precision": 0.8076923076923077,
    "recall": 1.0,
    "f1-score": 0.8936170212765957,
    "support": 21.0
  },
  "1": {
    "precision": 0.7777777777777778,
    "recall": 0.6363636363636364,
    "f1-score": 0.7,
    "support": 22.0
  },
  "2": {
    "precision": 0.8571428571428571,
    "recall": 0.8181818181818182,
    "f1-score": 0.8372093023255814,
    "support": 22.0
  },
  "accuracy": 0.8153846153846154,
  "macro avg": {
    "precision": 0.8142043142043143,
    "recall": 0.8181818181818182,
    "f1-score": 0.8102754412007257,
    "support": 65.0
  },
  "weighted avg": {
    "precision": 0.8143044989198835,
    "recall": 0.8153846153846154,
    "f1-score": 0.8089932630457123,
    "support": 65.0
  }
}