{
  "0": {
    "precision": 0.84,
    "recall": 1.0,
    "f1-score": 0.9130434782608695,
    "support": 21.0
  },
  "1": {
    "precision": 0.32,
    "recall": 0.36363636363636365,
    "f1-score": 0.3404255319148936,
    "support": 22.0
  },
  "2": {
    "precision": 0.3333333333333333,
    "recall": 0.22727272727272727,
    "f1-score": 0.2702702702702703,
    "support": 22.0
  },
  "accuracy": 0.5230769230769231,
  "macro avg": {
    "precision": 0.4977777777777777,
    "recall": 0.5303030303030304,
    "f1-score": 0.5079130934820112,
    "support": 65.0
  },
  "weighted avg": {
    "precision": 0.4925128205128205,
    "recall": 0.5230769230769231,
    "f1-score": 0.5016803183315671,
    "support": 65.0
  }
}