epoch,train_loss,val_loss,val_acc,val_balanced_acc,val_f1_macro,val_f1_weighted,val_recall_0,val_recall_1,val_recall_2
1,0.8681287690997124,0.8195229380027108,0.4782608695652174,0.4583333333333333,0.4074074074074074,0.42512077294685985,1.0,0.375,0.0
2,1.0104280933737755,0.8177679492079694,0.5652173913043478,0.5535714285714285,0.5324074074074073,0.5410628019323671,1.0,0.375,0.2857142857142857
3,0.9252200052142143,0.8098669751830723,0.5652173913043478,0.5535714285714285,0.5324074074074073,0.5410628019323671,1.0,0.375,0.2857142857142857
4,0.8324180245399475,0.81042545515558,0.5652173913043478,0.5535714285714285,0.5324074074074073,0.5410628019323671,1.0,0.375,0.2857142857142857
