{
  "0": {
    "precision": 0.84,
    "recall": 1.0,
    "f1-score": 0.9130434782608695,
    "support": 21.0
  },
  "1": {
    "precision": 0.6428571428571429,
    "recall": 0.4090909090909091,
    "f1-score": 0.5,
    "support": 22.0
  },
  "2": {
    "precision": 0.6538461538461539,
    "recall": 0.7727272727272727,
    "f1-score": 0.7083333333333334,
    "support": 22.0
  },
  "accuracy": 0.7230769230769231,
  "macro avg": {
    "precision": 0.7122344322344323,
    "recall": 0.7272727272727272,
    "f1-score": 0.7071256038647343,
    "support": 65.0
  },
  "weighted avg": {
    "precision": 0.7102688081149621,
    "recall": 0.7230769230769231,
    "f1-score": 0.7039576365663323,
    "support": 65.0
  }
}