epoch,train_loss,val_loss,val_acc,val_balanced_acc,val_f1_macro,val_f1_weighted,val_recall_0,val_recall_1,val_recall_2
1,1.047599345445633,0.7204931222874186,0.6521739130434783,0.6547619047619048,0.6209150326797386,0.6223358908780903,1.0,0.25,0.7142857142857143
2,1.0290347561240196,0.7290159360222195,0.6521739130434783,0.6547619047619048,0.6209150326797386,0.6223358908780903,1.0,0.25,0.7142857142857143
