{
  "0": {
    "precision": 0.875,
    "recall": 0.9545454545454546,
    "f1-score": 0.9130434782608695,
    "support": 22.0
  },
  "1": {
    "precision": 0.6551724137931034,
    "recall": 0.8636363636363636,
    "f1-score": 0.7450980392156863,
    "support": 22.0
  },
  "2": {
    "precision": 1.0,
    "recall": 0.5714285714285714,
    "f1-score": 0.7272727272727273,
    "support": 21.0
  },
  "accuracy": 0.8,
  "macro avg": {
    "precision": 0.8433908045977011,
    "recall": 0.7965367965367965,
    "f1-score": 0.7951380815830943,
    "support": 65.0
  },
  "weighted avg": {
    "precision": 0.8409814323607427,
    "recall": 0.8,
    "f1-score": 0.7961821639571,
    "support": 65.0
  }
}