epoch,train_loss,val_loss,val_acc,val_f1_macro,val_f1_weighted,val_balanced_acc,val_recall_0,val_recall_1,val_recall_2
1,1.190675511956215,0.731402980244678,0.782608695652174,0.7805555555555556,0.7797101449275362,0.7857142857142857,0.8571428571428571,0.625,0.875
2,0.9262348413467407,0.7283083355945089,0.6956521739130435,0.7008403361344538,0.6965290464011692,0.7023809523809524,0.8571428571428571,0.625,0.625
3,0.8959884569048882,0.7391566115876903,0.7391304347826086,0.7452991452991453,0.7429208472686734,0.7440476190476191,0.8571428571428571,0.75,0.625
