epoch,train_loss,val_loss,val_acc,val_balanced_acc,val_f1_macro,val_f1_weighted,val_recall_0,val_recall_1,val_recall_2
1,0.682191014289856,0.7313323331915814,0.7391304347826086,0.7440476190476191,0.7129629629629629,0.7113526570048309,1.0,0.375,0.8571428571428571
2,0.7078656628727913,0.7341371696928273,0.7391304347826086,0.75,0.6888888888888888,0.6850241545893719,1.0,0.25,1.0
