epoch,train_loss,val_loss,val_acc,val_balanced_acc,val_f1_macro,val_f1_weighted,val_recall_0,val_recall_1,val_recall_2
1,0.5861485488712788,0.6222594250803408,0.782608695652174,0.7797619047619048,0.7740429505135388,0.7766410912190963,1.0,0.625,0.7142857142857143
2,0.5235048122704029,0.6763382890950078,0.8260869565217391,0.8333333333333334,0.8104575163398694,0.8098891730605287,1.0,0.5,1.0
