{
  "0": {
    "precision": 0.875,
    "recall": 1.0,
    "f1-score": 0.9333333333333333,
    "support": 21.0
  },
  "1": {
    "precision": 0.8888888888888888,
    "recall": 0.7272727272727273,
    "f1-score": 0.8,
    "support": 22.0
  },
  "2": {
    "precision": 0.8695652173913043,
    "recall": 0.9090909090909091,
    "f1-score": 0.8888888888888888,
    "support": 22.0
  },
  "accuracy": 0.8769230769230769,
  "macro avg": {
    "precision": 0.877818035426731,
    "recall": 0.8787878787878788,
    "f1-score": 0.8740740740740741,
    "support": 65.0
  },
  "weighted avg": {
    "precision": 0.8778613898179116,
    "recall": 0.8769230769230769,
    "f1-score": 0.8731623931623932,
    "support": 65.0
  }
}