epoch,train_loss,val_loss,val_acc,val_balanced_acc,val_f1_macro,val_f1_weighted,val_recall_0,val_recall_1,val_recall_2
1,0.5696793422102928,0.8031839184139086,0.6956521739130435,0.7083333333333334,0.6549811843929491,0.6496422020718695,0.875,0.25,1.0
2,0.5431466400623322,0.6635474484899769,0.782608695652174,0.7857142857142857,0.7805555555555556,0.7797101449275362,0.875,0.625,0.8571428571428571
3,0.4678991511464119,0.6282160968884177,0.8260869565217391,0.8273809523809524,0.8184873949579833,0.8192911947387651,1.0,0.625,0.8571428571428571
4,0.4269802737981081,0.633458567702252,0.8260869565217391,0.8273809523809524,0.8184873949579833,0.8192911947387651,1.0,0.625,0.8571428571428571
