{
  "0": {
    "precision": 0.84,
    "recall": 1.0,
    "f1-score": 0.9130434782608695,
    "support": 21.0
  },
  "1": {
    "precision": 1.0,
    "recall": 0.13636363636363635,
    "f1-score": 0.24,
    "support": 22.0
  },
  "2": {
    "precision": 0.5945945945945946,
    "recall": 1.0,
    "f1-score": 0.7457627118644068,
    "support": 22.0
  },
  "accuracy": 0.7076923076923077,
  "macro avg": {
    "precision": 0.8115315315315316,
    "recall": 0.712121212121212,
    "f1-score": 0.6329353967084254,
    "support": 65.0
  },
  "weighted avg": {
    "precision": 0.8110935550935551,
    "recall": 0.7076923076923077,
    "f1-score": 0.6286260416076186,
    "support": 65.0
  }
}