{
  "0": {
    "precision": 0.84,
    "recall": 1.0,
    "f1-score": 0.9130434782608695,
    "support": 21.0
  },
  "1": {
    "precision": 1.0,
    "recall": 0.045454545454545456,
    "f1-score": 0.08695652173913043,
    "support": 22.0
  },
  "2": {
    "precision": 0.5641025641025641,
    "recall": 1.0,
    "f1-score": 0.7213114754098361,
    "support": 22.0
  },
  "accuracy": 0.676923076923077,
  "macro avg": {
    "precision": 0.8013675213675212,
    "recall": 0.6818181818181818,
    "f1-score": 0.5737704918032787,
    "support": 65.0
  },
  "weighted avg": {
    "precision": 0.8007731755424063,
    "recall": 0.676923076923077,
    "f1-score": 0.5685509073962388,
    "support": 65.0
  }
}