{
  "0": {
    "precision": 0.84,
    "recall": 1.0,
    "f1-score": 0.9130434782608695,
    "support": 21.0
  },
  "1": {
    "precision": 0.9285714285714286,
    "recall": 0.5909090909090909,
    "f1-score": 0.7222222222222222,
    "support": 22.0
  },
  "2": {
    "precision": 0.8076923076923077,
    "recall": 0.9545454545454546,
    "f1-score": 0.875,
    "support": 22.0
  },
  "accuracy": 0.8461538461538461,
  "macro avg": {
    "precision": 0.8587545787545787,
    "recall": 0.8484848484848485,
    "f1-score": 0.8367552334943639,
    "support": 65.0
  },
  "weighted avg": {
    "precision": 0.8590431107354185,
    "recall": 0.8461538461538461,
    "f1-score": 0.8355815681902639,
    "support": 65.0
  }
}