{
  "0": {
    "precision": 0.8571428571428571,
    "recall": 1.0,
    "f1-score": 0.9230769230769231,
    "support": 6.0
  },
  "1": {
    "precision": 0.75,
    "recall": 0.5,
    "f1-score": 0.6,
    "support": 6.0
  },
  "2": {
    "precision": 0.7142857142857143,
    "recall": 0.8333333333333334,
    "f1-score": 0.7692307692307693,
    "support": 6.0
  },
  "accuracy": 0.7777777777777778,
  "macro avg": {
    "precision": 0.7738095238095238,
    "recall": 0.7777777777777778,
    "f1-score": 0.764102564102564,
    "support": 18.0
  },
  "weighted avg": {
    "precision": 0.7738095238095237,
    "recall": 0.7777777777777778,
    "f1-score": 0.7641025641025642,
    "support": 18.0
  }
}