{
  "0": {
    "precision": 0.84,
    "recall": 1.0,
    "f1-score": 0.9130434782608695,
    "support": 21.0
  },
  "1": {
    "precision": 1.0,
    "recall": 0.18181818181818182,
    "f1-score": 0.3076923076923077,
    "support": 22.0
  },
  "2": {
    "precision": 0.6111111111111112,
    "recall": 1.0,
    "f1-score": 0.7586206896551724,
    "support": 22.0
  },
  "accuracy": 0.7230769230769231,
  "macro avg": {
    "precision": 0.817037037037037,
    "recall": 0.7272727272727272,
    "f1-score": 0.6597854918694498,
    "support": 65.0
  },
  "weighted avg": {
    "precision": 0.8166837606837607,
    "recall": 0.7230769230769231,
    "f1-score": 0.6558892151557356,
    "support": 65.0
  }
}