epoch,train_loss,val_loss,val_acc,val_balanced_acc,val_f1_macro,val_f1_weighted,val_recall_0,val_recall_1,val_recall_2
1,0.490404587239027,0.669524433820144,0.8260869565217391,0.8273809523809524,0.8184873949579833,0.8192911947387651,1.0,0.625,0.8571428571428571
2,0.4072179067879915,0.6708800753821498,0.6956521739130435,0.6904761904761904,0.6792022792022792,0.6819769602378297,1.0,0.5,0.5714285714285714
