{
  "0": {
    "precision": 0.875,
    "recall": 1.0,
    "f1-score": 0.9333333333333333,
    "support": 21.0
  },
  "1": {
    "precision": 0.7391304347826086,
    "recall": 0.7727272727272727,
    "f1-score": 0.7555555555555555,
    "support": 22.0
  },
  "2": {
    "precision": 0.8888888888888888,
    "recall": 0.7272727272727273,
    "f1-score": 0.8,
    "support": 22.0
  },
  "accuracy": 0.8307692307692308,
  "macro avg": {
    "precision": 0.8343397745571659,
    "recall": 0.8333333333333334,
    "f1-score": 0.8296296296296296,
    "support": 65.0
  },
  "weighted avg": {
    "precision": 0.8337142326272762,
    "recall": 0.8307692307692308,
    "f1-score": 0.828034188034188,
    "support": 65.0
  }
}