epoch,train_loss,val_loss,val_acc,val_balanced_acc,val_f1_macro,val_f1_weighted,val_recall_0,val_recall_1,val_recall_2
1,0.5625264346599579,0.7053824015285658,0.5652173913043478,0.5535714285714285,0.543870073281838,0.5517063215272934,0.875,0.5,0.2857142857142857
2,0.5282784812152386,0.8132669977519823,0.6956521739130435,0.7083333333333334,0.6549811843929491,0.6496422020718695,0.875,0.25,1.0
