epoch,train_loss,val_loss,val_acc,val_balanced_acc,val_f1_macro,val_f1_weighted,val_recall_0,val_recall_1,val_recall_2
1,0.6107180528342724,0.7743803910587145,0.6521739130434783,0.6666666666666666,0.5296296296296296,0.5222222222222221,1.0,0.0,1.0
2,0.5655621290206909,0.7525688280229983,0.6521739130434783,0.6666666666666666,0.5296296296296296,0.5222222222222221,1.0,0.0,1.0
3,0.4734084978699684,0.7138220719669176,0.6521739130434783,0.6666666666666666,0.5296296296296296,0.5222222222222221,1.0,0.0,1.0
4,0.49945592507719994,0.6683834143306898,0.6521739130434783,0.6666666666666666,0.5296296296296296,0.5222222222222221,1.0,0.0,1.0
5,0.48977217823266983,0.6659233906994695,0.6956521739130435,0.7083333333333334,0.6211328976034858,0.6177038931514633,1.0,0.125,1.0
6,0.4033353179693222,0.6594682569089143,0.7391304347826086,0.75,0.6926728586171311,0.690752456589043,1.0,0.25,1.0
7,0.42732031643390656,0.6427163326221964,0.7391304347826086,0.75,0.6926728586171311,0.690752456589043,1.0,0.25,1.0
8,0.4163866639137268,0.6577326033426367,0.7391304347826086,0.75,0.6926728586171311,0.690752456589043,1.0,0.25,1.0
