epoch,train_loss,val_loss,val_acc,val_balanced_acc,val_f1_macro,val_f1_weighted,val_recall_0,val_recall_1,val_recall_2
1,0.621832225471735,0.6731355164362036,0.7391304347826086,0.7440476190476191,0.7316526610644258,0.7286810376324443,0.875,0.5,0.8571428571428571
2,0.5346094556152821,0.6861850360165471,0.782608695652174,0.7916666666666666,0.7713046757164405,0.7667961833562857,0.875,0.5,1.0
