{
  "0": {
    "precision": 0.875,
    "recall": 1.0,
    "f1-score": 0.9333333333333333,
    "support": 21.0
  },
  "1": {
    "precision": 0.5277777777777778,
    "recall": 0.8636363636363636,
    "f1-score": 0.6551724137931034,
    "support": 22.0
  },
  "2": {
    "precision": 1.0,
    "recall": 0.22727272727272727,
    "f1-score": 0.37037037037037035,
    "support": 22.0
  },
  "accuracy": 0.6923076923076923,
  "macro avg": {
    "precision": 0.8009259259259259,
    "recall": 0.6969696969696969,
    "f1-score": 0.652958705832269,
    "support": 65.0
  },
  "weighted avg": {
    "precision": 0.7997863247863248,
    "recall": 0.6923076923076923,
    "f1-score": 0.6486452500245604,
    "support": 65.0
  }
}