epoch,train_loss,val_loss,val_acc,val_balanced_acc,val_f1_macro,val_f1_weighted,val_recall_0,val_recall_1,val_recall_2
1,0.7612400650978088,0.6538700927858767,0.6086956521739131,0.5833333333333334,0.48677248677248675,0.5079365079365079,1.0,0.75,0.0
2,0.6072248667478561,0.6637721398602361,0.6956521739130435,0.6845238095238094,0.6741929094870271,0.6797902296623525,1.0,0.625,0.42857142857142855
