{
  "0": {
    "precision": 0.9090909090909091,
    "recall": 0.9523809523809523,
    "f1-score": 0.9302325581395349,
    "support": 21.0
  },
  "1": {
    "precision": 0.72,
    "recall": 0.8181818181818182,
    "f1-score": 0.7659574468085106,
    "support": 22.0
  },
  "2": {
    "precision": 0.8333333333333334,
    "recall": 0.6818181818181818,
    "f1-score": 0.75,
    "support": 22.0
  },
  "accuracy": 0.8153846153846154,
  "macro avg": {
    "precision": 0.8208080808080808,
    "recall": 0.8174603174603173,
    "f1-score": 0.8153966683160152,
    "support": 65.0
  },
  "weighted avg": {
    "precision": 0.8194498834498835,
    "recall": 0.8153846153846154,
    "f1-score": 0.8136299623187302,
    "support": 65.0
  }
}