epoch,train_loss,val_loss,val_acc,val_f1_macro,val_f1_weighted,val_balanced_acc,val_recall_0,val_recall_1,val_recall_2
1,0.7400866970419884,0.584757141444994,0.7391304347826086,0.7264239028944911,0.7290220436000486,0.7380952380952381,1.0,0.5,0.7142857142857143
2,0.676825501024723,0.6441545978836392,0.782608695652174,0.7548029312735195,0.7538040249037692,0.7916666666666666,1.0,0.375,1.0
