{
  "0": {
    "precision": 0.84,
    "recall": 1.0,
    "f1-score": 0.9130434782608695,
    "support": 21.0
  },
  "1": {
    "precision": 0.8666666666666667,
    "recall": 0.5909090909090909,
    "f1-score": 0.7027027027027027,
    "support": 22.0
  },
  "2": {
    "precision": 0.8,
    "recall": 0.9090909090909091,
    "f1-score": 0.851063829787234,
    "support": 22.0
  },
  "accuracy": 0.8307692307692308,
  "macro avg": {
    "precision": 0.8355555555555556,
    "recall": 0.8333333333333334,
    "f1-score": 0.822270003583602,
    "support": 65.0
  },
  "weighted avg": {
    "precision": 0.8354871794871794,
    "recall": 0.8307692307692308,
    "f1-score": 0.8208734885885672,
    "support": 65.0
  }
}