{
  "0": {
    "precision": 0.84,
    "recall": 1.0,
    "f1-score": 0.9130434782608695,
    "support": 21.0
  },
  "1": {
    "precision": 0.9230769230769231,
    "recall": 0.5454545454545454,
    "f1-score": 0.6857142857142857,
    "support": 22.0
  },
  "2": {
    "precision": 0.7777777777777778,
    "recall": 0.9545454545454546,
    "f1-score": 0.8571428571428571,
    "support": 22.0
  },
  "accuracy": 0.8307692307692308,
  "macro avg": {
    "precision": 0.8469515669515669,
    "recall": 0.8333333333333334,
    "f1-score": 0.8186335403726708,
    "support": 65.0
  },
  "weighted avg": {
    "precision": 0.8470585141354372,
    "recall": 0.8307692307692308,
    "f1-score": 0.8171810797897754,
    "support": 65.0
  }
}