epoch,train_loss,val_loss,val_acc,val_balanced_acc,val_f1_macro,val_f1_weighted,val_recall_0,val_recall_1,val_recall_2
1,0.6330040842294693,0.740416741889456,0.6956521739130435,0.7083333333333334,0.6159844054580897,0.6107297228578694,1.0,0.125,1.0
2,0.5747829377651215,0.7139474568159684,0.7391304347826086,0.75,0.6888888888888888,0.6850241545893719,1.0,0.25,1.0
3,0.49082186445593834,0.6833965571030326,0.7391304347826086,0.75,0.6888888888888888,0.6850241545893719,1.0,0.25,1.0
4,0.4925709292292595,0.6444953382015228,0.8260869565217391,0.8333333333333334,0.8104575163398694,0.8098891730605287,1.0,0.5,1.0
5,0.47349798306822777,0.6395025292168492,0.8260869565217391,0.8333333333333334,0.8104575163398694,0.8098891730605287,1.0,0.5,1.0
6,0.3967454992234707,0.633659971796948,0.8260869565217391,0.8333333333333334,0.8104575163398694,0.8098891730605287,1.0,0.5,1.0
7,0.4248904101550579,0.6236042173012443,0.782608695652174,0.7857142857142857,0.7688536953242835,0.769673421207948,1.0,0.5,0.8571428571428571
8,0.4165485352277756,0.6382962128390437,0.8260869565217391,0.8333333333333334,0.8104575163398694,0.8098891730605287,1.0,0.5,1.0
