{
  "0": {
    "precision": 0.84,
    "recall": 1.0,
    "f1-score": 0.9130434782608695,
    "support": 21.0
  },
  "1": {
    "precision": 0.875,
    "recall": 0.6363636363636364,
    "f1-score": 0.7368421052631579,
    "support": 22.0
  },
  "2": {
    "precision": 0.8333333333333334,
    "recall": 0.9090909090909091,
    "f1-score": 0.8695652173913043,
    "support": 22.0
  },
  "accuracy": 0.8461538461538461,
  "macro avg": {
    "precision": 0.8494444444444444,
    "recall": 0.8484848484848485,
    "f1-score": 0.8398169336384439,
    "support": 65.0
  },
  "weighted avg": {
    "precision": 0.8495897435897436,
    "recall": 0.8461538461538461,
    "f1-score": 0.8386903714134835,
    "support": 65.0
  }
}