epoch,train_loss,val_loss,val_acc,val_balanced_acc,val_f1_macro,val_f1_weighted,val_recall_0,val_recall_1,val_recall_2
1,0.7230270244181156,0.7465433685675912,0.7391304347826086,0.75,0.7156862745098039,0.7109974424552429,0.875,0.375,1.0
2,0.5912260226905346,0.7231545629708663,0.6956521739130435,0.7023809523809524,0.6783559577677224,0.6752409994097973,0.875,0.375,0.8571428571428571
3,0.6361910402774811,0.726307944111202,0.7391304347826086,0.7440476190476191,0.7321428571428571,0.7313664596273292,0.875,0.5,0.8571428571428571
