{
  "0": {
    "precision": 1.0,
    "recall": 0.8571428571428571,
    "f1-score": 0.9230769230769231,
    "support": 7.0
  },
  "1": {
    "precision": 0.75,
    "recall": 0.75,
    "f1-score": 0.75,
    "support": 8.0
  },
  "2": {
    "precision": 0.7777777777777778,
    "recall": 0.875,
    "f1-score": 0.8235294117647058,
    "support": 8.0
  },
  "accuracy": 0.8260869565217391,
  "macro avg": {
    "precision": 0.8425925925925926,
    "recall": 0.8273809523809524,
    "f1-score": 0.8322021116138764,
    "support": 23.0
  },
  "weighted avg": {
    "precision": 0.8357487922705313,
    "recall": 0.8260869565217391,
    "f1-score": 0.8282510328546134,
    "support": 23.0
  }
}