epoch,train_loss,val_loss,val_acc,val_balanced_acc,val_f1_macro,val_f1_weighted,val_recall_0,val_recall_1,val_recall_2
1,0.5718117952346802,0.6211709056211554,0.6521739130434783,0.6428571428571429,0.6435185185185185,0.6497584541062802,0.875,0.625,0.42857142857142855
2,0.5691559538245201,0.6380012475925944,0.782608695652174,0.7857142857142857,0.7805555555555556,0.7797101449275362,0.875,0.625,0.8571428571428571
