{
  "0": {
    "precision": 0.9523809523809523,
    "recall": 0.9523809523809523,
    "f1-score": 0.9523809523809523,
    "support": 21.0
  },
  "1": {
    "precision": 0.782608695652174,
    "recall": 0.8181818181818182,
    "f1-score": 0.8,
    "support": 22.0
  },
  "2": {
    "precision": 0.8571428571428571,
    "recall": 0.8181818181818182,
    "f1-score": 0.8372093023255814,
    "support": 22.0
  },
  "accuracy": 0.8615384615384616,
  "macro avg": {
    "precision": 0.8640441683919945,
    "recall": 0.862914862914863,
    "f1-score": 0.8631967515688447,
    "support": 65.0
  },
  "weighted avg": {
    "precision": 0.8626851409460106,
    "recall": 0.8615384615384616,
    "f1-score": 0.861824686940966,
    "support": 65.0
  }
}