{
  "0": {
    "precision": 0.9411764705882353,
    "recall": 0.8888888888888888,
    "f1-score": 0.9142857142857143,
    "support": 18.0
  },
  "1": {
    "precision": 0.6,
    "recall": 0.6666666666666666,
    "f1-score": 0.631578947368421,
    "support": 18.0
  },
  "2": {
    "precision": 0.7058823529411765,
    "recall": 0.6666666666666666,
    "f1-score": 0.6857142857142857,
    "support": 18.0
  },
  "accuracy": 0.7407407407407407,
  "macro avg": {
    "precision": 0.7490196078431373,
    "recall": 0.7407407407407406,
    "f1-score": 0.743859649122807,
    "support": 54.0
  },
  "weighted avg": {
    "precision": 0.7490196078431374,
    "recall": 0.7407407407407407,
    "f1-score": 0.743859649122807,
    "support": 54.0
  }
}