{
  "0": {
    "precision": 0.75,
    "recall": 1.0,
    "f1-score": 0.8571428571428571,
    "support": 21.0
  },
  "1": {
    "precision": 0.9090909090909091,
    "recall": 0.45454545454545453,
    "f1-score": 0.6060606060606061,
    "support": 22.0
  },
  "2": {
    "precision": 0.8076923076923077,
    "recall": 0.9545454545454546,
    "f1-score": 0.875,
    "support": 22.0
  },
  "accuracy": 0.8,
  "macro avg": {
    "precision": 0.8222610722610723,
    "recall": 0.8030303030303031,
    "f1-score": 0.7794011544011544,
    "support": 65.0
  },
  "weighted avg": {
    "precision": 0.8233727810650888,
    "recall": 0.8,
    "f1-score": 0.7782051282051282,
    "support": 65.0
  }
}