epoch,train_loss,val_loss,val_acc,val_balanced_acc,val_f1_macro,val_f1_weighted,val_recall_0,val_recall_1,val_recall_2
1,1.07049959897995,1.0418494110522063,0.4782608695652174,0.4702380952380952,0.4049382716049383,0.40515297906602254,1.0,0.125,0.2857142857142857
2,0.9735897481441498,0.9764844852945079,0.7391304347826086,0.75,0.6885448916408669,0.6826759994615695,1.0,0.25,1.0
3,0.880696713924408,0.9200664240380992,0.6956521739130435,0.7083333333333334,0.6518518518518519,0.6463768115942029,0.875,0.25,1.0
4,0.7803776189684868,0.8682900770850803,0.6521739130434783,0.6666666666666666,0.5789473684210527,0.5720823798627003,0.875,0.125,1.0
5,0.7108826786279678,0.8350893751434658,0.6521739130434783,0.6666666666666666,0.5789473684210527,0.5720823798627003,0.875,0.125,1.0
6,0.6131502389907837,0.8187854575074237,0.6521739130434783,0.6666666666666666,0.5789473684210527,0.5720823798627003,0.875,0.125,1.0
7,0.54069784283638,0.8169619155966718,0.6521739130434783,0.6666666666666666,0.5789473684210527,0.5720823798627003,0.875,0.125,1.0
8,0.5160632953047752,0.8202973941098088,0.6521739130434783,0.6666666666666666,0.5789473684210527,0.5720823798627003,0.875,0.125,1.0
