{
  "0": {
    "precision": 0.84,
    "recall": 1.0,
    "f1-score": 0.9130434782608695,
    "support": 21.0
  },
  "1": {
    "precision": 0.8421052631578947,
    "recall": 0.7272727272727273,
    "f1-score": 0.7804878048780488,
    "support": 22.0
  },
  "2": {
    "precision": 0.9047619047619048,
    "recall": 0.8636363636363636,
    "f1-score": 0.8837209302325582,
    "support": 22.0
  },
  "accuracy": 0.8615384615384616,
  "macro avg": {
    "precision": 0.8622890559732664,
    "recall": 0.8636363636363636,
    "f1-score": 0.8590840711238256,
    "support": 65.0
  },
  "weighted avg": {
    "precision": 0.8626319645267014,
    "recall": 0.8615384615384616,
    "f1-score": 0.8582539263986402,
    "support": 65.0
  }
}