epoch,train_loss,val_loss,val_acc,val_balanced_acc,val_f1_macro,val_f1_weighted,val_recall_0,val_recall_1,val_recall_2
1,0.8302406966686249,0.8091959175856217,0.6521739130434783,0.6607142857142857,0.5851851851851851,0.5816425120772947,1.0,0.125,0.8571428571428571
2,0.8035756126046181,0.7699309898459393,0.7391304347826086,0.7440476190476191,0.7129629629629629,0.7113526570048309,1.0,0.375,0.8571428571428571
3,0.6246989257633686,0.6863654372484788,0.6956521739130435,0.6904761904761904,0.6792022792022792,0.6819769602378297,1.0,0.5,0.5714285714285714
4,0.5141055434942245,0.6915782793708469,0.782608695652174,0.7857142857142857,0.7680911680911681,0.7667038275733928,1.0,0.5,0.8571428571428571
