{
  "0": {
    "precision": 0.84,
    "recall": 1.0,
    "f1-score": 0.9130434782608695,
    "support": 21.0
  },
  "1": {
    "precision": 0.4090909090909091,
    "recall": 0.4090909090909091,
    "f1-score": 0.4090909090909091,
    "support": 22.0
  },
  "2": {
    "precision": 0.5,
    "recall": 0.4090909090909091,
    "f1-score": 0.45,
    "support": 22.0
  },
  "accuracy": 0.6,
  "macro avg": {
    "precision": 0.583030303030303,
    "recall": 0.6060606060606061,
    "f1-score": 0.5907114624505928,
    "support": 65.0
  },
  "weighted avg": {
    "precision": 0.579076923076923,
    "recall": 0.6,
    "f1-score": 0.585752508361204,
    "support": 65.0
  }
}