epoch,train_loss,val_loss,val_acc,val_balanced_acc,val_f1_macro,val_f1_weighted,val_recall_0,val_recall_1,val_recall_2
1,0.809166394174099,0.7727579992750416,0.6086956521739131,0.5952380952380952,0.5743711626064568,0.5835335451703738,1.0,0.5,0.2857142857142857
2,0.8291715458035469,0.7647853986076687,0.6956521739130435,0.6845238095238094,0.6741929094870271,0.6797902296623525,1.0,0.625,0.42857142857142855
3,0.8397140353918076,0.7649991797364276,0.7391304347826086,0.7440476190476191,0.7129629629629629,0.7113526570048309,1.0,0.375,0.8571428571428571
