exp_id,n_runs,selection_score_mean,selection_score_std,selection_score_median,val_f1_macro_final_mean,val_f1_macro_final_std,val_balanced_acc_final_mean,val_balanced_acc_final_std,val_recall_2_final_mean,val_recall_2_final_std,test_f1_macro_mean,test_f1_macro_std,test_balanced_acc_mean,test_balanced_acc_std,selection_cv,stability_hint
E11_wd_3em04,15,0.8712400699862001,0.06272056788109283,0.8472222222222222,0.8712400699862001,0.06272056788109283,0.874074074074074,0.061647875173630115,0.8694444444444444,0.15938110572044037,0.8512667226460706,0.059633413186619195,0.8515343915343915,0.05883996190914738,0.07198999453972116,0.8396218174438828
E11_wd_0e+00,15,0.869338358388926,0.06063388707854217,0.8472222222222222,0.869338358388926,0.06063388707854217,0.8716049382716048,0.06032408337969153,0.8537037037037037,0.15650809078413036,0.8500206468050127,0.057792403384350155,0.8500529100529101,0.05683295490175204,0.06974716632878136,0.8385290775408775
E11_wd_1em04,15,0.8664049628084716,0.06479853640406717,0.8472222222222222,0.8664049628084716,0.06479853640406717,0.8688271604938271,0.06359073388282875,0.8537037037037037,0.15650809078413036,0.8499333626728021,0.05933841881648001,0.8500529100529101,0.05879712633124016,0.07479012607917344,0.8345545196290418
E11_wd_1em05,15,0.8637867962790563,0.06129011084459169,0.8472222222222222,0.8637867962790563,0.06129011084459169,0.866358024691358,0.0603342341075385,0.8546296296296296,0.16221456639179063,0.8516105477672409,0.05904424513897702,0.8516402116402116,0.05821885249865529,0.0709551374350844,0.8322428119287293
E11_wd_1em03,15,0.8636826415567386,0.061250809910172656,0.8472222222222222,0.8636826415567386,0.061250809910172656,0.866358024691358,0.05992686388934208,0.8546296296296296,0.16221456639179063,0.8557721869789976,0.05959924676227563,0.8559788359788361,0.05847362821771002,0.0709181902738853,0.8321484824400164
E11_wd_1em06,15,0.8615221477295781,0.06741310780179464,0.8472222222222222,0.8615221477295781,0.06741310780179464,0.8635802469135802,0.06674347671967623,0.8462962962962963,0.15735098584198273,0.8469096494835345,0.059009710317484476,0.8468783068783068,0.058020678356651506,0.07824883896421296,0.8289337721949311
