exp_id,n_runs,selection_score_mean,selection_score_std,selection_score_median,val_f1_macro_final_mean,val_f1_macro_final_std,val_balanced_acc_final_mean,val_balanced_acc_final_std,val_recall_2_final_mean,val_recall_2_final_std,test_f1_macro_mean,test_f1_macro_std,test_balanced_acc_mean,test_balanced_acc_std,selection_cv,stability_hint
E13_scaler_binary_train,15,0.8639307145860293,0.06910692056938778,0.8472222222222222,0.8639307145860293,0.06910692056938778,0.8685185185185185,0.06490451087590117,0.8842592592592593,0.14315536919574773,0.8578595196447567,0.055785844326948046,0.8602116402116402,0.05309235411962436,0.07999127638667392,0.8323384475241076
E13_scaler_multiclass_train,15,0.8598777717714766,0.06775524129838909,0.8425925925925926,0.8598777717714766,0.06775524129838909,0.8641975308641975,0.06449910512068464,0.862037037037037,0.1271276883592251,0.8640991763915019,0.05758518778966289,0.8668783068783069,0.054167521499211606,0.07879636330033647,0.8302261926109568
E13_scaler_none,15,0.858894756583095,0.08333662288253167,0.8721997300944669,0.858894756583095,0.08333662288253167,0.8638888888888888,0.07630968316317426,0.8842592592592593,0.09900111045167277,0.8340688671913834,0.05756403079805265,0.8376719576719577,0.0536856233690415,0.09702774669863659,0.8281604898172947
