exp_id,n_runs,selection_score_mean,selection_score_std,selection_score_median,val_f1_macro_final_mean,val_f1_macro_final_std,val_balanced_acc_final_mean,val_balanced_acc_final_std,val_recall_2_final_mean,val_recall_2_final_std,test_f1_macro_mean,test_f1_macro_std,test_balanced_acc_mean,test_balanced_acc_std,selection_cv,stability_hint
E9_dropout_0_3,15,0.8700697173865388,0.05469850922603868,0.8787524366471735,0.8700697173865388,0.05469850922603868,0.8719135802469135,0.05386727810220638,0.862037037037037,0.13863733833791922,0.8508834603723673,0.04549562251816506,0.8517460317460318,0.045046936692931534,0.06286681185771946,0.8425313562462372
E9_dropout_0_15,15,0.8661677436961235,0.057696111079584826,0.8472222222222222,0.8661677436961235,0.057696111079584826,0.8691358024691358,0.055402861884301,0.8694444444444444,0.12320134507614527,0.8545937507223722,0.05374507737660417,0.8548148148148148,0.05440951613142884,0.06661078237961524,0.8394235814186128
E9_dropout_0_0,15,0.8640227769020339,0.06911716125405827,0.8787524366471735,0.8640227769020339,0.06911716125405827,0.8672839506172839,0.06459398005079119,0.8472222222222222,0.13465777381712024,0.8519092704317791,0.05339310988861043,0.8531216931216932,0.05205307493077971,0.07999460558421717,0.8332777092068072
E9_dropout_0_25,15,0.8563181816845388,0.06257430305769883,0.8444272445820434,0.8563181816845388,0.06257430305769883,0.8592592592592593,0.061013831503394955,0.8555555555555556,0.1523080802936972,0.8578231430882525,0.038720630359324874,0.8583068783068784,0.03838451518843016,0.07307365929636507,0.8254437978907444
E9_dropout_0_2,15,0.8561780710593919,0.06345120565112328,0.8444272445820434,0.8561780710593919,0.06345120565112328,0.8580246913580247,0.06126090614515737,0.8851851851851851,0.1247204398830944,0.8434690597011076,0.04854847760061983,0.844021164021164,0.047884620995237735,0.07410982340696011,0.8278432256583016
E9_dropout_0_1,15,0.8542034678618786,0.06956108606088098,0.8474945533769063,0.8542034678618786,0.06956108606088098,0.8564814814814814,0.066240000040234,0.8629629629629629,0.11415313260579167,0.8511887681277502,0.05338341201729096,0.8517460317460317,0.05409415752702718,0.0814338605238825,0.8253978830860792
