exp_id,n_runs,selection_score_mean,selection_score_std,selection_score_median,val_f1_macro_final_mean,val_f1_macro_final_std,val_balanced_acc_final_mean,val_balanced_acc_final_std,val_recall_2_final_mean,val_recall_2_final_std,test_f1_macro_mean,test_f1_macro_std,test_balanced_acc_mean,test_balanced_acc_std,selection_cv,stability_hint
E0_baseline_transfer,15,0.878446251795065,0.0633438582586632,0.8857142857142858,0.878446251795065,0.0633438582586632,0.8817901234567901,0.05876599713688013,0.8537037037037037,0.15076841197863194,0.8560201190246651,0.051718525277781195,0.857989417989418,0.04747471196883676,0.07210897437290319,0.8475334460325359
E15_scratch_same_budget,15,0.8405792111416466,0.08987827433890921,0.8417153996101364,0.8405792111416466,0.08987827433890921,0.8518518518518517,0.07092772180576884,0.9009259259259259,0.10457811158503738,0.8433978370799919,0.0437188596358422,0.8481481481481481,0.03998373975135935,0.1069242174295978,0.8076518313984156
E1_from_scratch,15,0.8393260783095664,0.0913227395747697,0.8417153996101364,0.8393260783095664,0.0913227395747697,0.8518518518518517,0.07092772180576884,0.9083333333333333,0.10755725270863548,0.8416594858255115,0.04271527416635933,0.8465608465608465,0.0389809483120372,0.10880483990047951,0.8057396681450104
