step,parameter,chosen_experiment,selected_value,selection_score_mean,selection_score_std,val_f1_macro_final_mean,val_f1_macro_final_std,val_balanced_acc_final_mean,val_balanced_acc_final_std,val_recall_2_final_mean,val_recall_2_final_std,stability_hint
phase1_transfer_gain_cv5,use_transfer,E0_baseline_transfer,True,0.878446251795065,0.0633438582586632,0.878446251795065,0.0633438582586632,0.8817901234567901,0.05876599713688013,0.8537037037037037,0.15076841197863194,0.8475334460325359
E8_architecture_coarse_cv5,hidden_dims,E8c_arch_384_128,"(384, 128)",0.8637678567657928,0.0640010664999647,0.8637678567657928,0.0640010664999647,0.8669753086419754,0.060602608883944926,0.8703703703703703,0.13685682774065658,0.8340819073667359
E8_architecture_refine_cv5,hidden_dims,E8r_arch_384_64,"(384, 64)",0.8664049628084716,0.06479853640406717,0.8664049628084716,0.06479853640406717,0.8688271604938271,0.06359073388282875,0.8537037037037037,0.15650809078413036,0.8345545196290418
E9_dropout_cv5,dropout,E9_dropout_0_3,0.3,0.8664049628084716,0.06479853640406717,0.8664049628084716,0.06479853640406717,0.8688271604938271,0.06359073388282875,0.8537037037037037,0.15650809078413036,0.8345545196290418
E10_lrs_cv5,learning_rates,E10_lr_bin_0p001_head_0p001_ft_0p0003,"{""bin_lr"": 0.001, ""head_lr"": 0.001, ""ft_lr"": 0.0003}",0.8664049628084716,0.06479853640406717,0.8664049628084716,0.06479853640406717,0.8688271604938271,0.06359073388282875,0.8537037037037037,0.15650809078413036,0.8345545196290418
E11_weight_decay_cv5,weight_decay,E11_wd_1em04,0.0001,0.8664049628084716,0.06479853640406717,0.8664049628084716,0.06479853640406717,0.8688271604938271,0.06359073388282875,0.8537037037037037,0.15650809078413036,0.8345545196290418
E12_class_weights_cv5,class_weights,E12_weights_on_1p0_1p5_1p0,"{""use_class_weights"": true, ""multiclass_weights"": [1.0, 1.5, 1.0]}",0.8639307145860293,0.06910692056938778,0.8639307145860293,0.06910692056938778,0.8685185185185185,0.06490451087590117,0.8842592592592593,0.14315536919574773,0.8323384475241076
E13_scaler_cv5,scaler_strategy,E13_scaler_binary_train,binary_train,0.8639307145860293,0.06910692056938778,0.8639307145860293,0.06910692056938778,0.8685185185185185,0.06490451087590117,0.8842592592592593,0.14315536919574773,0.8323384475241076
