epoch,train_loss,val_loss,val_acc,val_balanced_acc,val_f1_macro,val_f1_weighted,val_recall_0,val_recall_1,val_recall_2
1,0.6163979917764664,0.7654847787774127,0.6521739130434783,0.6666666666666666,0.5296296296296296,0.5222222222222221,1.0,0.0,1.0
2,0.5667670033872128,0.7431628989136737,0.6521739130434783,0.6666666666666666,0.5296296296296296,0.5222222222222221,1.0,0.0,1.0
3,0.47608039900660515,0.7062279737513998,0.6521739130434783,0.6666666666666666,0.5296296296296296,0.5222222222222221,1.0,0.0,1.0
4,0.4954076260328293,0.6619435782017915,0.6956521739130435,0.7083333333333334,0.6159844054580897,0.6107297228578694,1.0,0.125,1.0
5,0.48308921977877617,0.6583290670229041,0.7391304347826086,0.75,0.6926728586171311,0.690752456589043,1.0,0.25,1.0
6,0.3992980681359768,0.6517958744712498,0.782608695652174,0.7916666666666666,0.7548029312735195,0.7538040249037692,1.0,0.375,1.0
7,0.42517146840691566,0.6376455840857133,0.782608695652174,0.7916666666666666,0.7548029312735195,0.7538040249037692,1.0,0.375,1.0
8,0.41546105593442917,0.6531540881032529,0.7391304347826086,0.75,0.6926728586171311,0.690752456589043,1.0,0.25,1.0
