epoch,train_loss,val_loss,val_acc,val_balanced_acc,val_f1_macro,val_f1_weighted,val_recall_0,val_recall_1,val_recall_2
1,0.5983441956341267,0.6563563113627227,0.782608695652174,0.7857142857142857,0.7805555555555556,0.7797101449275362,0.875,0.625,0.8571428571428571
2,0.4558367617428303,0.792993047963018,0.7391304347826086,0.75,0.7175925925925926,0.714975845410628,0.875,0.375,1.0
