{
  "0": {
    "precision": 0.84,
    "recall": 1.0,
    "f1-score": 0.9130434782608695,
    "support": 21.0
  },
  "1": {
    "precision": 0.64,
    "recall": 0.7272727272727273,
    "f1-score": 0.6808510638297872,
    "support": 22.0
  },
  "2": {
    "precision": 0.8666666666666667,
    "recall": 0.5909090909090909,
    "f1-score": 0.7027027027027027,
    "support": 22.0
  },
  "accuracy": 0.7692307692307693,
  "macro avg": {
    "precision": 0.7822222222222223,
    "recall": 0.7727272727272728,
    "f1-score": 0.7655324149311199,
    "support": 65.0
  },
  "weighted avg": {
    "precision": 0.7813333333333332,
    "recall": 0.7692307692307693,
    "f1-score": 0.763263013956816,
    "support": 65.0
  }
}