epoch,train_loss,val_loss,val_acc,val_balanced_acc,val_f1_macro,val_f1_weighted,val_recall_0,val_recall_1,val_recall_2
1,0.6615356132388115,0.6621385540651239,0.7391304347826086,0.7261904761904762,0.7185185185185184,0.723671497584541,1.0,0.75,0.42857142857142855
2,0.6374312527477741,0.6646804861400438,0.782608695652174,0.7857142857142857,0.7680911680911681,0.7667038275733928,1.0,0.5,0.8571428571428571
