{
  "0": {
    "precision": 0.84,
    "recall": 1.0,
    "f1-score": 0.9130434782608695,
    "support": 21.0
  },
  "1": {
    "precision": 0.53125,
    "recall": 0.7727272727272727,
    "f1-score": 0.6296296296296297,
    "support": 22.0
  },
  "2": {
    "precision": 0.875,
    "recall": 0.3181818181818182,
    "f1-score": 0.4666666666666667,
    "support": 22.0
  },
  "accuracy": 0.6923076923076923,
  "macro avg": {
    "precision": 0.7487499999999999,
    "recall": 0.6969696969696969,
    "f1-score": 0.6697799248523886,
    "support": 65.0
  },
  "weighted avg": {
    "precision": 0.7473461538461539,
    "recall": 0.6923076923076923,
    "f1-score": 0.6660374086461043,
    "support": 65.0
  }
}