{
  "0": {
    "precision": 0.875,
    "recall": 1.0,
    "f1-score": 0.9333333333333333,
    "support": 21.0
  },
  "1": {
    "precision": 1.0,
    "recall": 0.18181818181818182,
    "f1-score": 0.3076923076923077,
    "support": 22.0
  },
  "2": {
    "precision": 0.5945945945945946,
    "recall": 1.0,
    "f1-score": 0.7457627118644068,
    "support": 22.0
  },
  "accuracy": 0.7230769230769231,
  "macro avg": {
    "precision": 0.8231981981981983,
    "recall": 0.7272727272727272,
    "f1-score": 0.6622627842966826,
    "support": 65.0
  },
  "weighted avg": {
    "precision": 0.8224012474012474,
    "recall": 0.7230769230769231,
    "f1-score": 0.6580924681576573,
    "support": 65.0
  }
}