epoch,train_loss,val_loss,val_acc,val_balanced_acc,val_f1_macro,val_f1_weighted,val_recall_0,val_recall_1,val_recall_2
1,0.6464418992400169,0.673900227183881,0.7391304347826086,0.7261904761904762,0.7185185185185184,0.723671497584541,1.0,0.75,0.42857142857142855
2,0.6311802864074707,0.674745825321778,0.782608695652174,0.7797619047619048,0.7749287749287749,0.7751765143069491,1.0,0.625,0.7142857142857143
