exp_id,test_acc_mean,test_acc_std,test_balanced_acc_mean,test_balanced_acc_std,test_f1_macro_mean,test_f1_macro_std,test_f1_weighted_mean,test_f1_weighted_std,test_recall_0_mean,test_recall_0_std,test_recall_1_mean,test_recall_1_std,test_recall_2_mean,test_recall_2_std
E9_dropout_0_0,0.8615384615384616,,0.8636363636363636,,0.8570543787935092,,0.856193008032473,,1.0,,0.6818181818181818,,0.9090909090909091,
E9_dropout_0_1,0.8615384615384616,,0.8636363636363636,,0.8544724187647406,,0.8535713255417233,,1.0,,0.6363636363636364,,0.9545454545454546,
E9_dropout_0_2,0.8307692307692308,,0.8333333333333334,,0.8250673676205591,,0.8240127575643125,,1.0,,0.6363636363636364,,0.8636363636363636,
E9_dropout_0_3,0.8,,0.8030303030303031,,0.7970971466270823,,0.7956122254786283,,1.0,,0.6818181818181818,,0.7272727272727273,
