exp_id,seed,reserved_per_class,hidden_dims,dropout,bin_lr,head_lr,ft_lr,weight_decay,scaler_strategy,use_transfer,transfer_mode,phase1_freeze,phase2_finetune,use_class_weights,multiclass_weights,save_model_pt,test_loss,test_acc,test_balanced_acc,test_f1_macro,test_f1_weighted,test_precision_macro,test_recall_0,test_recall_1,test_recall_2,test_precision_0,test_precision_1,test_precision_2,bin_val_loss,bin_val_acc,bin_val_f1,bin_val_balanced_acc
E11_wd_0p0,42,72,"(128, 64)",0.3,0.001,0.001,0.0003,0.0,binary_train,True,all,True,True,True,"(1.0, 2.5, 1.1)",False,0.6294349606220538,0.8307692307692308,0.8333333333333334,0.8274890651642078,0.8264717119932481,0.8323886639676114,1.0,0.6818181818181818,0.8181818181818182,0.8076923076923077,0.7894736842105263,0.9,0.1585061136331107,0.9391891891891891,0.9433962264150944,0.9405749032614704
E11_wd_1e-05,42,72,"(128, 64)",0.3,0.001,0.001,0.0003,1e-05,binary_train,True,all,True,True,True,"(1.0, 2.5, 1.1)",False,0.6048638316301199,0.8307692307692308,0.8333333333333334,0.8274890651642078,0.8264717119932481,0.8323886639676114,1.0,0.6818181818181818,0.8181818181818182,0.8076923076923077,0.7894736842105263,0.9,0.15678794188676654,0.9391891891891891,0.9433962264150944,0.9405749032614704
E11_wd_0p0001,42,72,"(128, 64)",0.3,0.001,0.001,0.0003,0.0001,binary_train,True,all,True,True,True,"(1.0, 2.5, 1.1)",False,0.6370216635557321,0.8,0.8030303030303031,0.7970971466270823,0.7956122254786283,0.8036223036223036,1.0,0.6818181818181818,0.7272727272727273,0.8076923076923077,0.7142857142857143,0.8888888888888888,0.1564291272866162,0.9391891891891891,0.9433962264150944,0.9405749032614704
E11_wd_0p001,42,72,"(128, 64)",0.3,0.001,0.001,0.0003,0.001,binary_train,True,all,True,True,True,"(1.0, 2.5, 1.1)",False,0.6112707752447862,0.8461538461538461,0.8484848484848485,0.8445235212230542,0.8437682366068457,0.8516869095816464,1.0,0.7272727272727273,0.8181818181818182,0.8076923076923077,0.8,0.9473684210526315,0.15761179358673258,0.9391891891891891,0.9433962264150944,0.9405749032614704
