exp_id,seed,reserved_per_class,hidden_dims,dropout,bin_lr,head_lr,ft_lr,weight_decay,scaler_strategy,use_transfer,transfer_mode,phase1_freeze,phase2_finetune,use_class_weights,multiclass_weights,save_model_pt,test_loss,test_acc,test_balanced_acc,test_f1_macro,test_f1_weighted,test_precision_macro,test_recall_0,test_recall_1,test_recall_2,test_precision_0,test_precision_1,test_precision_2,bin_val_loss,bin_val_acc,bin_val_f1,bin_val_balanced_acc
E10_lr_bin_0p001_head_0p001_ft_0p0003,42,72,"(128, 64)",0.3,0.001,0.001,0.0003,0.0001,binary_train,True,all,True,True,True,"(1.0, 2.5, 1.1)",False,0.6370216635557321,0.8,0.8030303030303031,0.7970971466270823,0.7956122254786283,0.8036223036223036,1.0,0.6818181818181818,0.7272727272727273,0.8076923076923077,0.7142857142857143,0.8888888888888888,0.1564291272866162,0.9391891891891891,0.9433962264150944,0.9405749032614704
E10_lr_bin_0p0005_head_0p001_ft_0p0003,42,72,"(128, 64)",0.3,0.0005,0.001,0.0003,0.0001,binary_train,True,all,True,True,True,"(1.0, 2.5, 1.1)",False,0.6324025264153114,0.7384615384615385,0.7424242424242425,0.7193009118541033,0.7166191255552957,0.7307692307692308,1.0,0.4090909090909091,0.8181818181818182,0.8076923076923077,0.6923076923076923,0.6923076923076923,0.15736646331041246,0.9391891891891891,0.9433962264150944,0.9405749032614704
E10_lr_bin_0p001_head_0p0005_ft_0p0001,42,72,"(128, 64)",0.3,0.001,0.0005,0.0001,0.0001,binary_train,True,all,True,True,True,"(1.0, 2.5, 1.1)",False,0.649088059938871,0.8153846153846154,0.8181818181818182,0.7992729006496216,0.797821452639976,0.834045584045584,1.0,0.5,0.9545454545454546,0.8076923076923077,0.9166666666666666,0.7777777777777778,0.1564291272866162,0.9391891891891891,0.9433962264150944,0.9405749032614704
E10_lr_bin_0p001_head_0p001_ft_0p0001,42,72,"(128, 64)",0.3,0.001,0.001,0.0001,0.0001,binary_train,True,all,True,True,True,"(1.0, 2.5, 1.1)",False,0.6501370374973003,0.676923076923077,0.6818181818181818,0.6467900893432809,0.6429927519289221,0.7742812742812744,1.0,0.7727272727272727,0.2727272727272727,0.8076923076923077,0.5151515151515151,1.0,0.1564291272866162,0.9391891891891891,0.9433962264150944,0.9405749032614704
