exp_id,seed,reserved_per_class,hidden_dims,dropout,bin_lr,head_lr,ft_lr,weight_decay,scaler_strategy,use_transfer,transfer_mode,phase1_freeze,phase2_finetune,use_class_weights,multiclass_weights,save_model_pt,test_loss,test_acc,test_balanced_acc,test_f1_macro,test_f1_weighted,test_precision_macro,test_recall_0,test_recall_1,test_recall_2,test_precision_0,test_precision_1,test_precision_2,bin_val_loss,bin_val_acc,bin_val_f1,bin_val_balanced_acc
E13_transfer_first_layer,42,72,"(128, 64)",0.3,0.001,0.001,0.0003,0.0001,binary_train,True,first_layer,True,True,True,"(1.0, 2.5, 1.1)",False,0.5645459473133088,0.8307692307692308,0.8333333333333334,0.8250673676205591,0.8240127575643125,0.8316193610311258,1.0,0.6363636363636364,0.8636363636363636,0.8076923076923077,0.8235294117647058,0.8636363636363636,0.1564291272866162,0.9391891891891891,0.9433962264150944,0.9405749032614704
E13_transfer_all,42,72,"(128, 64)",0.3,0.001,0.001,0.0003,0.0001,binary_train,True,all,True,True,True,"(1.0, 2.5, 1.1)",False,0.6370216635557321,0.8,0.8030303030303031,0.7970971466270823,0.7956122254786283,0.8036223036223036,1.0,0.6818181818181818,0.7272727272727273,0.8076923076923077,0.7142857142857143,0.8888888888888888,0.1564291272866162,0.9391891891891891,0.9433962264150944,0.9405749032614704
