{
  "0": {
    "precision": 0.875,
    "recall": 1.0,
    "f1-score": 0.9333333333333333,
    "support": 21.0
  },
  "1": {
    "precision": 0.85,
    "recall": 0.7727272727272727,
    "f1-score": 0.8095238095238095,
    "support": 22.0
  },
  "2": {
    "precision": 0.9047619047619048,
    "recall": 0.8636363636363636,
    "f1-score": 0.8837209302325582,
    "support": 22.0
  },
  "accuracy": 0.8769230769230769,
  "macro avg": {
    "precision": 0.8765873015873016,
    "recall": 0.8787878787878788,
    "f1-score": 0.8755260243632336,
    "support": 65.0
  },
  "weighted avg": {
    "precision": 0.8766117216117216,
    "recall": 0.8769230769230769,
    "f1-score": 0.8746366811483091,
    "support": 65.0
  }
}