{
  "0": {
    "precision": 0.84,
    "recall": 1.0,
    "f1-score": 0.9130434782608695,
    "support": 21.0
  },
  "1": {
    "precision": 0.47368421052631576,
    "recall": 0.8181818181818182,
    "f1-score": 0.6,
    "support": 22.0
  },
  "2": {
    "precision": 1.0,
    "recall": 0.09090909090909091,
    "f1-score": 0.16666666666666666,
    "support": 22.0
  },
  "accuracy": 0.6307692307692307,
  "macro avg": {
    "precision": 0.7712280701754386,
    "recall": 0.6363636363636364,
    "f1-score": 0.5599033816425121,
    "support": 65.0
  },
  "weighted avg": {
    "precision": 0.7701700404858299,
    "recall": 0.6307692307692307,
    "f1-score": 0.5544704570791525,
    "support": 65.0
  }
}