{
  "0": {
    "precision": 0.84,
    "recall": 1.0,
    "f1-score": 0.9130434782608695,
    "support": 21.0
  },
  "1": {
    "precision": 0.48484848484848486,
    "recall": 0.7272727272727273,
    "f1-score": 0.5818181818181818,
    "support": 22.0
  },
  "2": {
    "precision": 0.7142857142857143,
    "recall": 0.22727272727272727,
    "f1-score": 0.3448275862068966,
    "support": 22.0
  },
  "accuracy": 0.6461538461538462,
  "macro avg": {
    "precision": 0.6797113997113997,
    "recall": 0.6515151515151515,
    "f1-score": 0.6132297487619826,
    "support": 65.0
  },
  "weighted avg": {
    "precision": 0.6772454212454212,
    "recall": 0.6461538461538462,
    "f1-score": 0.608617229846615,
    "support": 65.0
  }
}