epoch,train_loss,val_loss,val_acc,val_balanced_acc,val_f1_macro,val_f1_weighted,val_recall_0,val_recall_1,val_recall_2
1,0.8723729141056538,0.7078092642452406,0.5652173913043478,0.5416666666666666,0.46296296296296297,0.4830917874396135,1.0,0.625,0.0
2,0.8118781968951225,0.7362735297368921,0.7391304347826086,0.7380952380952381,0.7264239028944911,0.7290220436000486,1.0,0.5,0.7142857142857143
