{
  "0": {
    "precision": 0.875,
    "recall": 1.0,
    "f1-score": 0.9333333333333333,
    "support": 21.0
  },
  "1": {
    "precision": 0.65,
    "recall": 0.5909090909090909,
    "f1-score": 0.6190476190476191,
    "support": 22.0
  },
  "2": {
    "precision": 0.7142857142857143,
    "recall": 0.6818181818181818,
    "f1-score": 0.6976744186046512,
    "support": 22.0
  },
  "accuracy": 0.7538461538461538,
  "macro avg": {
    "precision": 0.7464285714285714,
    "recall": 0.7575757575757575,
    "f1-score": 0.7500184569952012,
    "support": 65.0
  },
  "weighted avg": {
    "precision": 0.7444505494505494,
    "recall": 0.7538461538461538,
    "f1-score": 0.7471982281284607,
    "support": 65.0
  }
}