{
  "0": {
    "precision": 0.8076923076923077,
    "recall": 1.0,
    "f1-score": 0.8936170212765957,
    "support": 21.0
  },
  "1": {
    "precision": 0.7142857142857143,
    "recall": 0.6818181818181818,
    "f1-score": 0.6976744186046512,
    "support": 22.0
  },
  "2": {
    "precision": 0.8888888888888888,
    "recall": 0.7272727272727273,
    "f1-score": 0.8,
    "support": 22.0
  },
  "accuracy": 0.8,
  "macro avg": {
    "precision": 0.8036223036223036,
    "recall": 0.8030303030303031,
    "f1-score": 0.7970971466270823,
    "support": 65.0
  },
  "weighted avg": {
    "precision": 0.8035596881750728,
    "recall": 0.8,
    "f1-score": 0.7956122254786283,
    "support": 65.0
  }
}