exp_id,test_acc_mean,test_acc_std,test_balanced_acc_mean,test_balanced_acc_std,test_f1_macro_mean,test_f1_macro_std,test_f1_weighted_mean,test_f1_weighted_std,test_recall_0_mean,test_recall_0_std,test_recall_1_mean,test_recall_1_std,test_recall_2_mean,test_recall_2_std
E8_arch_128_64,0.8615384615384616,,0.8636363636363636,,0.8590840711238256,,0.8582539263986402,,1.0,,0.7272727272727273,,0.8636363636363636,
E8_arch_256_128,0.8615384615384616,,0.8636363636363636,,0.8591525006159153,,0.8580112570356473,,1.0,,0.7272727272727273,,0.8636363636363636,
E8_arch_32_16,0.7692307692307693,,0.7727272727272728,,0.7642117716651878,,0.7619220531021774,,1.0,,0.7727272727272727,,0.5454545454545454,
E8_arch_64_32,0.7538461538461538,,0.7575757575757577,,0.7395330112721417,,0.736863619472315,,1.0,,0.45454545454545453,,0.8181818181818182,
