exp_id,seed,reserved_per_class,hidden_dims,dropout,bin_lr,head_lr,ft_lr,weight_decay,scaler_strategy,use_transfer,transfer_mode,phase1_freeze,phase2_finetune,use_class_weights,multiclass_weights,save_model_pt,test_loss,test_acc,test_balanced_acc,test_f1_macro,test_f1_weighted,test_precision_macro,test_recall_0,test_recall_1,test_recall_2,test_precision_0,test_precision_1,test_precision_2,bin_val_loss,bin_val_acc,bin_val_f1,bin_val_balanced_acc
E8_arch_32_16,42,72,"(32, 16)",0.3,0.001,0.001,0.0003,0.0001,binary_train,True,all,True,True,True,"(1.0, 2.5, 1.1)",False,0.6317366086519681,0.7692307692307693,0.7727272727272728,0.7642117716651878,0.7619220531021774,0.7975688509021843,1.0,0.7727272727272727,0.5454545454545454,0.84,0.6296296296296297,0.9230769230769231,0.17723220798212128,0.9324324324324325,0.9358974358974359,0.9356919108162889
E8_arch_64_32,42,72,"(64, 32)",0.3,0.001,0.001,0.0003,0.0001,binary_train,True,all,True,True,True,"(1.0, 2.5, 1.1)",False,0.6579480180373558,0.7538461538461538,0.7575757575757577,0.7395330112721417,0.736863619472315,0.7488644688644689,1.0,0.45454545454545453,0.8181818181818182,0.84,0.7142857142857143,0.6923076923076923,0.17043545238069585,0.9324324324324325,0.9358974358974359,0.9356919108162889
E8_arch_128_64,42,72,"(128, 64)",0.3,0.001,0.001,0.0003,0.0001,binary_train,True,all,True,True,True,"(1.0, 2.5, 1.1)",False,0.505094831264936,0.8615384615384616,0.8636363636363636,0.8590840711238256,0.8582539263986402,0.8622890559732664,1.0,0.7272727272727273,0.8636363636363636,0.84,0.8421052631578947,0.9047619047619048,0.17515719883345268,0.9324324324324325,0.9358974358974359,0.9356919108162889
E8_arch_256_128,42,72,"(256, 128)",0.3,0.001,0.001,0.0003,0.0001,binary_train,True,all,True,True,True,"(1.0, 2.5, 1.1)",False,0.4962354724223797,0.8615384615384616,0.8636363636363636,0.8591525006159153,0.8580112570356473,0.8602472089314195,1.0,0.7272727272727273,0.8636363636363636,0.875,0.8421052631578947,0.8636363636363636,0.18715247501795357,0.9324324324324325,0.9358974358974359,0.9356919108162889
