exp_id,test_acc_mean,test_acc_std,test_balanced_acc_mean,test_balanced_acc_std,test_f1_macro_mean,test_f1_macro_std,test_f1_weighted_mean,test_f1_weighted_std,test_recall_0_mean,test_recall_0_std,test_recall_1_mean,test_recall_1_std,test_recall_2_mean,test_recall_2_std
E7_baseline_many_seeds,0.8571428571428571,0.030400723694133953,0.8577612863327149,0.029889144747830613,0.8573676317697091,0.029810829830858417,0.8567105228161372,0.03027750002812973,0.9461966604823748,0.033026183964817865,0.8101422387136673,0.05663271848333007,0.8169449598021027,0.09467775226861612
