exp_id,test_acc_mean,test_acc_std,test_balanced_acc_mean,test_balanced_acc_std,test_f1_macro_mean,test_f1_macro_std,test_f1_weighted_mean,test_f1_weighted_std,test_recall_0_mean,test_recall_0_std,test_recall_1_mean,test_recall_1_std,test_recall_2_mean,test_recall_2_std
E10_lr_bin_0p0005_head_0p001_ft_0p0003,0.7846153846153846,,0.787878787878788,,0.7769230769230768,,0.774516765285996,,1.0,,0.8636363636363636,,0.5,
E10_lr_bin_0p001_head_0p0005_ft_0p0001,0.7846153846153846,,0.787878787878788,,0.7818459191456903,,0.7798274951593029,,1.0,,0.7272727272727273,,0.6363636363636364,
E10_lr_bin_0p001_head_0p001_ft_0p0001,0.8153846153846154,,0.818181818181818,,0.8122843340234644,,0.810734193342889,,1.0,,0.6818181818181818,,0.7727272727272727,
E10_lr_bin_0p001_head_0p001_ft_0p0003,0.8615384615384616,,0.8636363636363636,,0.8590840711238256,,0.8582539263986402,,1.0,,0.7272727272727273,,0.8636363636363636,
