exp_id,test_acc_mean,test_acc_std,test_balanced_acc_mean,test_balanced_acc_std,test_f1_macro_mean,test_f1_macro_std,test_f1_weighted_mean,test_f1_weighted_std,test_recall_0_mean,test_recall_0_std,test_recall_1_mean,test_recall_1_std,test_recall_2_mean,test_recall_2_std
E6_reserved_20,0.8333333333333334,,0.8333333333333334,,0.8372183372183373,,0.8372183372183373,,0.8333333333333334,,0.8333333333333334,,0.8333333333333334,
E6_reserved_35,0.75,,0.7545454545454545,,0.7557894736842105,,0.7498026315789474,,0.9,,0.5454545454545454,,0.8181818181818182,
E6_reserved_51,0.8260869565217391,,0.8250000000000001,,0.826123301985371,,0.8266094225614466,,0.8666666666666667,,0.7333333333333333,,0.875,
E6_reserved_60,0.7407407407407407,,0.7407407407407406,,0.743859649122807,,0.743859649122807,,0.8888888888888888,,0.6666666666666666,,0.6666666666666666,
E6_reserved_72,0.8615384615384616,,0.8636363636363636,,0.8590840711238256,,0.8582539263986402,,1.0,,0.7272727272727273,,0.8636363636363636,
