exp_id,seed,reserved_per_class,hidden_dims,dropout,bin_lr,head_lr,ft_lr,weight_decay,scaler_strategy,use_transfer,transfer_mode,phase1_freeze,phase2_finetune,use_class_weights,multiclass_weights,save_model_pt,test_loss,test_acc,test_balanced_acc,test_f1_macro,test_f1_weighted,test_precision_macro,test_recall_0,test_recall_1,test_recall_2,test_precision_0,test_precision_1,test_precision_2,bin_val_loss,bin_val_acc,bin_val_f1,bin_val_balanced_acc
E10_lr_bin_0p001_head_0p001_ft_0p0003,42,72,"(128, 64)",0.3,0.001,0.001,0.0003,0.0001,binary_train,True,all,True,True,True,"(1.0, 2.5, 1.1)",False,0.505094831264936,0.8615384615384616,0.8636363636363636,0.8590840711238256,0.8582539263986402,0.8622890559732664,1.0,0.7272727272727273,0.8636363636363636,0.84,0.8421052631578947,0.9047619047619048,0.17515719883345268,0.9324324324324325,0.9358974358974359,0.9356919108162889
E10_lr_bin_0p0005_head_0p001_ft_0p0003,42,72,"(128, 64)",0.3,0.0005,0.001,0.0003,0.0001,binary_train,True,all,True,True,True,"(1.0, 2.5, 1.1)",False,0.5743842262488145,0.7846153846153846,0.787878787878788,0.7769230769230768,0.774516765285996,0.8361111111111111,1.0,0.8636363636363636,0.5,0.875,0.6333333333333333,1.0,0.16534444020205252,0.9391891891891891,0.9426751592356688,0.9418647503224618
E10_lr_bin_0p001_head_0p0005_ft_0p0001,42,72,"(128, 64)",0.3,0.001,0.0005,0.0001,0.0001,binary_train,True,all,True,True,True,"(1.0, 2.5, 1.1)",False,0.620098570218453,0.7846153846153846,0.787878787878788,0.7818459191456903,0.7798274951593029,0.793888888888889,1.0,0.7272727272727273,0.6363636363636364,0.84,0.6666666666666666,0.875,0.17515719883345268,0.9324324324324325,0.9358974358974359,0.9356919108162889
E10_lr_bin_0p001_head_0p001_ft_0p0001,42,72,"(128, 64)",0.3,0.001,0.001,0.0001,0.0001,binary_train,True,all,True,True,True,"(1.0, 2.5, 1.1)",False,0.605751835841399,0.8153846153846154,0.818181818181818,0.8122843340234644,0.810734193342889,0.8133333333333334,1.0,0.6818181818181818,0.7727272727272727,0.84,0.75,0.85,0.17515719883345268,0.9324324324324325,0.9358974358974359,0.9356919108162889
