exp_id,seed,reserved_per_class,hidden_dims,dropout,bin_lr,head_lr,ft_lr,weight_decay,scaler_strategy,use_transfer,transfer_mode,phase1_freeze,phase2_finetune,use_class_weights,multiclass_weights,save_model_pt,test_loss,test_acc,test_balanced_acc,test_f1_macro,test_f1_weighted,test_precision_macro,test_recall_0,test_recall_1,test_recall_2,test_precision_0,test_precision_1,test_precision_2,bin_val_loss,bin_val_acc,bin_val_f1,bin_val_balanced_acc
E6_reserved_20,42,20,"(128, 64)",0.3,0.001,0.001,0.0003,0.0001,binary_train,True,all,True,True,True,"(1.0, 2.5, 1.1)",False,0.7587702406777276,0.8333333333333334,0.8333333333333334,0.8372183372183373,0.8372183372183373,0.8492063492063492,0.8333333333333334,0.8333333333333334,0.8333333333333334,0.8333333333333334,0.7142857142857143,1.0,0.09834711784882659,0.9704142011834319,0.9726775956284153,0.9697802197802198
E6_reserved_35,42,35,"(128, 64)",0.3,0.001,0.001,0.0003,0.0001,binary_train,True,all,True,True,True,"(1.0, 2.5, 1.1)",False,0.5541678965091705,0.75,0.7545454545454545,0.7557894736842105,0.7498026315789474,0.7698412698412698,0.9,0.5454545454545454,0.8181818181818182,1.0,0.6666666666666666,0.6428571428571429,0.22495345981574497,0.9141104294478528,0.9176470588235294,0.9165151515151515
E6_reserved_51,42,51,"(128, 64)",0.3,0.001,0.001,0.0003,0.0001,binary_train,True,all,True,True,True,"(1.0, 2.5, 1.1)",False,0.479446635298107,0.8260869565217391,0.8250000000000001,0.826123301985371,0.8266094225614466,0.8284780578898226,0.8666666666666667,0.7333333333333333,0.875,0.9285714285714286,0.7333333333333333,0.8235294117647058,0.20545578088350358,0.9171974522292994,0.9202453987730062,0.920343137254902
E6_reserved_60,42,60,"(128, 64)",0.3,0.001,0.001,0.0003,0.0001,binary_train,True,all,True,True,True,"(1.0, 2.5, 1.1)",False,0.46746378474765354,0.7407407407407407,0.7407407407407406,0.743859649122807,0.743859649122807,0.7490196078431373,0.8888888888888888,0.6666666666666666,0.6666666666666666,0.9411764705882353,0.6,0.7058823529411765,0.2204403338673847,0.9150326797385621,0.9192546583850931,0.9172117039586919
E6_reserved_72,42,72,"(128, 64)",0.3,0.001,0.001,0.0003,0.0001,binary_train,True,all,True,True,True,"(1.0, 2.5, 1.1)",False,0.505094831264936,0.8615384615384616,0.8636363636363636,0.8590840711238256,0.8582539263986402,0.8622890559732664,1.0,0.7272727272727273,0.8636363636363636,0.84,0.8421052631578947,0.9047619047619048,0.17515719883345268,0.9324324324324325,0.9358974358974359,0.9356919108162889
