exp_id,test_acc_mean,test_acc_std,test_balanced_acc_mean,test_balanced_acc_std,test_f1_macro_mean,test_f1_macro_std,test_f1_weighted_mean,test_f1_weighted_std,test_recall_0_mean,test_recall_0_std,test_recall_1_mean,test_recall_1_std,test_recall_2_mean,test_recall_2_std
E11_wd_0p0,0.8461538461538461,,0.8484848484848485,,0.8422266139657445,,0.8411371237458194,,1.0,,0.6818181818181818,,0.8636363636363636,
E11_wd_0p0001,0.8615384615384616,,0.8636363636363636,,0.8590840711238256,,0.8582539263986402,,1.0,,0.7272727272727273,,0.8636363636363636,
E11_wd_0p001,0.8615384615384616,,0.8636363636363636,,0.8590840711238256,,0.8582539263986402,,1.0,,0.7272727272727273,,0.8636363636363636,
E11_wd_1e-05,0.8615384615384616,,0.8636363636363636,,0.8590840711238256,,0.8582539263986402,,1.0,,0.7272727272727273,,0.8636363636363636,
