{
  "0": {
    "precision": 0.875,
    "recall": 1.0,
    "f1-score": 0.9333333333333333,
    "support": 21.0
  },
  "1": {
    "precision": 0.8333333333333334,
    "recall": 0.6818181818181818,
    "f1-score": 0.75,
    "support": 22.0
  },
  "2": {
    "precision": 0.8260869565217391,
    "recall": 0.8636363636363636,
    "f1-score": 0.8444444444444444,
    "support": 22.0
  },
  "accuracy": 0.8461538461538461,
  "macro avg": {
    "precision": 0.8448067632850242,
    "recall": 0.8484848484848485,
    "f1-score": 0.8425925925925926,
    "support": 65.0
  },
  "weighted avg": {
    "precision": 0.8443422519509476,
    "recall": 0.8461538461538461,
    "f1-score": 0.8411965811965811,
    "support": 65.0
  }
}