{
  "0": {
    "precision": 0.875,
    "recall": 1.0,
    "f1-score": 0.9333333333333333,
    "support": 21.0
  },
  "1": {
    "precision": 0.7894736842105263,
    "recall": 0.6818181818181818,
    "f1-score": 0.7317073170731707,
    "support": 22.0
  },
  "2": {
    "precision": 0.8181818181818182,
    "recall": 0.8181818181818182,
    "f1-score": 0.8181818181818182,
    "support": 22.0
  },
  "accuracy": 0.8307692307692308,
  "macro avg": {
    "precision": 0.8275518341307815,
    "recall": 0.8333333333333334,
    "f1-score": 0.8277408228627742,
    "support": 65.0
  },
  "weighted avg": {
    "precision": 0.8268218623481781,
    "recall": 0.8307692307692308,
    "f1-score": 0.8261163227016887,
    "support": 65.0
  }
}