{
  "0": {
    "precision": 0.8076923076923077,
    "recall": 0.9545454545454546,
    "f1-score": 0.875,
    "support": 22.0
  },
  "1": {
    "precision": 0.7647058823529411,
    "recall": 0.5909090909090909,
    "f1-score": 0.6666666666666666,
    "support": 22.0
  },
  "2": {
    "precision": 0.8181818181818182,
    "recall": 0.8571428571428571,
    "f1-score": 0.8372093023255814,
    "support": 21.0
  },
  "accuracy": 0.8,
  "macro avg": {
    "precision": 0.7968600027423557,
    "recall": 0.8008658008658008,
    "f1-score": 0.7929586563307494,
    "support": 65.0
  },
  "weighted avg": {
    "precision": 0.7965319748125178,
    "recall": 0.8,
    "f1-score": 0.7922778771615981,
    "support": 65.0
  }
}