epoch,train_loss,val_loss,val_acc,val_balanced_acc,val_f1_macro,val_f1_weighted,val_recall_0,val_recall_1,val_recall_2
1,0.7320625931024551,0.7209294101466304,0.6521739130434783,0.6488095238095238,0.6463046757164405,0.6476490261656502,0.875,0.5,0.5714285714285714
2,0.6609125919640064,0.7205482565838358,0.6521739130434783,0.6488095238095238,0.6463046757164405,0.6476490261656502,0.875,0.5,0.5714285714285714
3,0.742271363735199,0.728649826153465,0.7391304347826086,0.7440476190476191,0.7316526610644258,0.7286810376324443,0.875,0.5,0.8571428571428571
