epoch,train_loss,val_loss,val_acc,val_balanced_acc,val_f1_macro,val_f1_weighted,val_recall_0,val_recall_1,val_recall_2
1,0.5704774856567383,0.6984993815422058,0.782608695652174,0.7916666666666666,0.7713046757164405,0.7667961833562857,0.875,0.5,1.0
2,0.5980397164821625,0.7042415427125018,0.782608695652174,0.7916666666666666,0.7713046757164405,0.7690340350186898,0.875,0.5,1.0
