epoch,train_loss,val_loss,val_acc,val_balanced_acc,val_f1_macro,val_f1_weighted,val_recall_0,val_recall_1,val_recall_2
1,0.6458619087934494,0.7126450123994247,0.6956521739130435,0.6845238095238094,0.676470588235294,0.6841432225063938,1.0,0.625,0.42857142857142855
2,0.5589446537196636,0.8086620154588119,0.7391304347826086,0.75,0.6926728586171311,0.690752456589043,1.0,0.25,1.0
