{
  "0": {
    "precision": 0.84,
    "recall": 1.0,
    "f1-score": 0.9130434782608695,
    "support": 21.0
  },
  "1": {
    "precision": 0.6875,
    "recall": 0.5,
    "f1-score": 0.5789473684210527,
    "support": 22.0
  },
  "2": {
    "precision": 0.7083333333333334,
    "recall": 0.7727272727272727,
    "f1-score": 0.7391304347826086,
    "support": 22.0
  },
  "accuracy": 0.7538461538461538,
  "macro avg": {
    "precision": 0.7452777777777778,
    "recall": 0.7575757575757575,
    "f1-score": 0.7437070938215102,
    "support": 65.0
  },
  "weighted avg": {
    "precision": 0.7438205128205129,
    "recall": 0.7538461538461538,
    "f1-score": 0.7411019186762893,
    "support": 65.0
  }
}