experiment,loss_mean,acc_mean,f1_macro_mean,recall_0_mean,recall_1_mean,recall_2_mean,loss_std,acc_std,f1_macro_std
X_STATS_V2,0.47250133502212444,0.8376623376623377,0.8329353108764874,0.9589285714285716,0.7517857142857143,0.8125,0.07467781546437853,0.07723091472799229,0.08360328970536551
X_VX_STATS_V2,0.5206933617591858,0.8333333333333333,0.829571392659628,0.9160714285714284,0.7875,0.7964285714285714,0.13138246578150412,0.0868022642317504,0.09130767928273556
X_VX_DELTA_V2,0.5375319796303908,0.7599567099567099,0.7424069340245811,0.9303571428571429,0.5553571428571429,0.7946428571428572,0.0927285516610249,0.08161222490306735,0.0942298786219161
