epoch,train_loss,val_loss,val_acc,val_balanced_acc,val_f1_macro,val_f1_weighted,val_recall_0,val_recall_1,val_recall_2
1,0.5859617553651333,0.6217292443565701,0.8260869565217391,0.8273809523809524,0.8184873949579833,0.8192911947387651,1.0,0.625,0.8571428571428571
2,0.5215109288692474,0.7534566651219907,0.7391304347826086,0.75,0.6926728586171311,0.690752456589043,1.0,0.25,1.0
