{
  "0": {
    "precision": 0.8695652173913043,
    "recall": 0.9523809523809523,
    "f1-score": 0.9090909090909091,
    "support": 21.0
  },
  "1": {
    "precision": 0.5135135135135135,
    "recall": 0.8636363636363636,
    "f1-score": 0.6440677966101694,
    "support": 22.0
  },
  "2": {
    "precision": 1.0,
    "recall": 0.22727272727272727,
    "f1-score": 0.37037037037037035,
    "support": 22.0
  },
  "accuracy": 0.676923076923077,
  "macro avg": {
    "precision": 0.7943595769682726,
    "recall": 0.681096681096681,
    "f1-score": 0.641176358690483,
    "support": 65.0
  },
  "weighted avg": {
    "precision": 0.7932025671156105,
    "recall": 0.676923076923077,
    "f1-score": 0.6370545963766302,
    "support": 65.0
  }
}