{
  "0": {
    "precision": 0.9,
    "recall": 0.8571428571428571,
    "f1-score": 0.8780487804878049,
    "support": 21.0
  },
  "1": {
    "precision": 0.5357142857142857,
    "recall": 0.6818181818181818,
    "f1-score": 0.6,
    "support": 22.0
  },
  "2": {
    "precision": 0.7058823529411765,
    "recall": 0.5454545454545454,
    "f1-score": 0.6153846153846154,
    "support": 22.0
  },
  "accuracy": 0.6923076923076923,
  "macro avg": {
    "precision": 0.7138655462184874,
    "recall": 0.6948051948051948,
    "f1-score": 0.6978111319574735,
    "support": 65.0
  },
  "weighted avg": {
    "precision": 0.7110019392372333,
    "recall": 0.6923076923076923,
    "f1-score": 0.6950382450570067,
    "support": 65.0
  }
}