{
  "0": {
    "precision": 0.875,
    "recall": 1.0,
    "f1-score": 0.9333333333333333,
    "support": 21.0
  },
  "1": {
    "precision": 0.7333333333333333,
    "recall": 0.5,
    "f1-score": 0.5945945945945946,
    "support": 22.0
  },
  "2": {
    "precision": 0.6923076923076923,
    "recall": 0.8181818181818182,
    "f1-score": 0.75,
    "support": 22.0
  },
  "accuracy": 0.7692307692307693,
  "macro avg": {
    "precision": 0.7668803418803419,
    "recall": 0.7727272727272728,
    "f1-score": 0.7593093093093093,
    "support": 65.0
  },
  "weighted avg": {
    "precision": 0.7652169625246549,
    "recall": 0.7692307692307693,
    "f1-score": 0.7566320166320166,
    "support": 65.0
  }
}