{
  "0": {
    "precision": 0.84,
    "recall": 1.0,
    "f1-score": 0.9130434782608695,
    "support": 21.0
  },
  "1": {
    "precision": 0.7619047619047619,
    "recall": 0.7272727272727273,
    "f1-score": 0.7441860465116279,
    "support": 22.0
  },
  "2": {
    "precision": 0.8947368421052632,
    "recall": 0.7727272727272727,
    "f1-score": 0.8292682926829268,
    "support": 22.0
  },
  "accuracy": 0.8307692307692308,
  "macro avg": {
    "precision": 0.8322138680033416,
    "recall": 0.8333333333333334,
    "f1-score": 0.8288326058184747,
    "support": 65.0
  },
  "weighted avg": {
    "precision": 0.8320940813572393,
    "recall": 0.8307692307692308,
    "f1-score": 0.8275370539347455,
    "support": 65.0
  }
}