epoch,train_loss,val_loss,val_acc,val_balanced_acc,val_f1_macro,val_f1_weighted,val_recall_0,val_recall_1,val_recall_2
1,0.5911959521472454,0.6177883821984996,0.7391304347826086,0.7380952380952381,0.7248677248677248,0.7253278122843341,1.0,0.5,0.7142857142857143
2,0.5510064139962196,0.6934549108795498,0.782608695652174,0.7916666666666666,0.7548029312735195,0.7538040249037692,1.0,0.375,1.0
