{
  "0": {
    "precision": 0.875,
    "recall": 1.0,
    "f1-score": 0.9333333333333333,
    "support": 21.0
  },
  "1": {
    "precision": 0.6923076923076923,
    "recall": 0.8181818181818182,
    "f1-score": 0.75,
    "support": 22.0
  },
  "2": {
    "precision": 0.9333333333333333,
    "recall": 0.6363636363636364,
    "f1-score": 0.7567567567567568,
    "support": 22.0
  },
  "accuracy": 0.8153846153846154,
  "macro avg": {
    "precision": 0.8335470085470086,
    "recall": 0.8181818181818182,
    "f1-score": 0.8133633633633633,
    "support": 65.0
  },
  "weighted avg": {
    "precision": 0.8329092702169625,
    "recall": 0.8153846153846154,
    "f1-score": 0.8115176715176716,
    "support": 65.0
  }
}