epoch,train_loss,val_loss,val_acc,val_balanced_acc,val_f1_macro,val_f1_weighted,val_recall_0,val_recall_1,val_recall_2
1,0.8146216981112957,0.6806233667809031,0.6521739130434783,0.6369047619047619,0.6148148148148148,0.6241545893719807,1.0,0.625,0.2857142857142857
2,0.6168360635638237,0.7169776584791101,0.7391304347826086,0.75,0.6888888888888888,0.6850241545893719,1.0,0.25,1.0
