{
  "0": {
    "precision": 0.875,
    "recall": 1.0,
    "f1-score": 0.9333333333333333,
    "support": 21.0
  },
  "1": {
    "precision": 0.5,
    "recall": 0.8636363636363636,
    "f1-score": 0.6333333333333333,
    "support": 22.0
  },
  "2": {
    "precision": 1.0,
    "recall": 0.13636363636363635,
    "f1-score": 0.24,
    "support": 22.0
  },
  "accuracy": 0.6615384615384615,
  "macro avg": {
    "precision": 0.7916666666666666,
    "recall": 0.6666666666666666,
    "f1-score": 0.6022222222222222,
    "support": 65.0
  },
  "weighted avg": {
    "precision": 0.7903846153846154,
    "recall": 0.6615384615384615,
    "f1-score": 0.5971282051282051,
    "support": 65.0
  }
}