{
  "0": {
    "precision": 0.84,
    "recall": 1.0,
    "f1-score": 0.9130434782608695,
    "support": 21.0
  },
  "1": {
    "precision": 0.8823529411764706,
    "recall": 0.6818181818181818,
    "f1-score": 0.7692307692307693,
    "support": 22.0
  },
  "2": {
    "precision": 0.8695652173913043,
    "recall": 0.9090909090909091,
    "f1-score": 0.8888888888888888,
    "support": 22.0
  },
  "accuracy": 0.8615384615384616,
  "macro avg": {
    "precision": 0.8639727195225916,
    "recall": 0.8636363636363636,
    "f1-score": 0.8570543787935092,
    "support": 65.0
  },
  "weighted avg": {
    "precision": 0.8643415305921699,
    "recall": 0.8615384615384616,
    "f1-score": 0.856193008032473,
    "support": 65.0
  }
}