epoch,train_loss,val_loss,val_acc,val_balanced_acc,val_f1_macro,val_f1_weighted,val_recall_0,val_recall_1,val_recall_2
1,0.629975114017725,0.6988322397936946,0.7391304347826086,0.7440476190476191,0.7316526610644258,0.7286810376324443,0.875,0.5,0.8571428571428571
2,0.6798622384667397,0.6804238829923712,0.7391304347826086,0.7440476190476191,0.7316526610644258,0.7286810376324443,0.875,0.5,0.8571428571428571
3,0.5893728174269199,0.6816092496332915,0.782608695652174,0.7857142857142857,0.7805555555555556,0.7797101449275362,0.875,0.625,0.8571428571428571
