{
  "0": {
    "precision": 0.84,
    "recall": 1.0,
    "f1-score": 0.9130434782608695,
    "support": 21.0
  },
  "1": {
    "precision": 0.7368421052631579,
    "recall": 0.6363636363636364,
    "f1-score": 0.6829268292682927,
    "support": 22.0
  },
  "2": {
    "precision": 0.8095238095238095,
    "recall": 0.7727272727272727,
    "f1-score": 0.7906976744186046,
    "support": 22.0
  },
  "accuracy": 0.8,
  "macro avg": {
    "precision": 0.7954553049289892,
    "recall": 0.8030303030303031,
    "f1-score": 0.7955559939825889,
    "support": 65.0
  },
  "weighted avg": {
    "precision": 0.7947700019278967,
    "recall": 0.8,
    "f1-score": 0.7937484942244615,
    "support": 65.0
  }
}