epoch,train_loss,val_loss,val_acc,val_balanced_acc,val_f1_macro,val_f1_weighted,val_recall_0,val_recall_1,val_recall_2
1,0.683404479175806,0.704799657282622,0.782608695652174,0.7797619047619048,0.7749287749287749,0.7751765143069491,1.0,0.625,0.7142857142857143
2,0.6747371405363083,0.7022726302561553,0.7391304347826086,0.7440476190476191,0.7129629629629629,0.7113526570048309,1.0,0.375,0.8571428571428571
3,0.7113749608397484,0.7075805534487185,0.782608695652174,0.7916666666666666,0.7526242820360466,0.7495414503087138,1.0,0.375,1.0
