{
  "0": {
    "precision": 0.9047619047619048,
    "recall": 0.9047619047619048,
    "f1-score": 0.9047619047619048,
    "support": 21.0
  },
  "1": {
    "precision": 0.6551724137931034,
    "recall": 0.8636363636363636,
    "f1-score": 0.7450980392156863,
    "support": 22.0
  },
  "2": {
    "precision": 0.9333333333333333,
    "recall": 0.6363636363636364,
    "f1-score": 0.7567567567567568,
    "support": 22.0
  },
  "accuracy": 0.8,
  "macro avg": {
    "precision": 0.831089217296114,
    "recall": 0.8015873015873015,
    "f1-score": 0.8022055669114492,
    "support": 65.0
  },
  "weighted avg": {
    "precision": 0.8299557913351018,
    "recall": 0.8,
    "f1-score": 0.8006277770983653,
    "support": 65.0
  }
}