epoch,train_loss,val_loss,val_acc,val_balanced_acc,val_f1_macro,val_f1_weighted,val_recall_0,val_recall_1,val_recall_2
1,0.5791400708258152,0.7108432365500409,0.6521739130434783,0.6666666666666666,0.5296296296296296,0.5222222222222221,1.0,0.0,1.0
2,0.5310396440327168,0.6908424392990444,0.6521739130434783,0.6666666666666666,0.5296296296296296,0.5222222222222221,1.0,0.0,1.0
3,0.4444044157862663,0.658001008241073,0.6521739130434783,0.6666666666666666,0.5296296296296296,0.5222222222222221,1.0,0.0,1.0
4,0.45737215131521225,0.6192836126555568,0.7391304347826086,0.75,0.6888888888888888,0.6850241545893719,1.0,0.25,1.0
5,0.4451975207775831,0.6160377419513204,0.7391304347826086,0.75,0.6888888888888888,0.6850241545893719,1.0,0.25,1.0
6,0.36542584747076035,0.6105775418488876,0.7391304347826086,0.75,0.6888888888888888,0.6850241545893719,1.0,0.25,1.0
7,0.3934122771024704,0.5974444423032843,0.7391304347826086,0.75,0.6888888888888888,0.6850241545893719,1.0,0.25,1.0
8,0.38329410552978516,0.6087766276753467,0.7391304347826086,0.75,0.6888888888888888,0.6850241545893719,1.0,0.25,1.0
