epoch,train_loss,val_loss,val_acc,val_balanced_acc,val_f1_macro,val_f1_weighted,val_recall_0,val_recall_1,val_recall_2
1,0.649869479238987,0.7275759033534838,0.6521739130434783,0.6607142857142857,0.6209150326797386,0.6172208013640238,0.875,0.25,0.8571428571428571
2,0.690891221165657,0.7154129380765168,0.782608695652174,0.7916666666666666,0.7548029312735195,0.7538040249037692,1.0,0.375,1.0
3,0.5064885839819908,0.7039081791172856,0.782608695652174,0.7916666666666666,0.7548029312735195,0.7538040249037692,1.0,0.375,1.0
4,0.5626782365143299,0.6855818162793699,0.782608695652174,0.7857142857142857,0.7688536953242835,0.769673421207948,1.0,0.5,0.8571428571428571
5,0.4535418152809143,0.6754109341165294,0.7391304347826086,0.7440476190476191,0.7321428571428571,0.7313664596273292,0.875,0.5,0.8571428571428571
6,0.4579926058650017,0.662117626356042,0.7391304347826086,0.7380952380952381,0.7380952380952381,0.7391304347826086,0.875,0.625,0.7142857142857143
7,0.42638586089015007,0.6760204978611158,0.6956521739130435,0.6964285714285715,0.6916666666666665,0.6927536231884057,0.875,0.5,0.7142857142857143
