{
  "0": {
    "precision": 0.875,
    "recall": 1.0,
    "f1-score": 0.9333333333333333,
    "support": 21.0
  },
  "1": {
    "precision": 0.5135135135135135,
    "recall": 0.8636363636363636,
    "f1-score": 0.6440677966101694,
    "support": 22.0
  },
  "2": {
    "precision": 1.0,
    "recall": 0.18181818181818182,
    "f1-score": 0.3076923076923077,
    "support": 22.0
  },
  "accuracy": 0.676923076923077,
  "macro avg": {
    "precision": 0.7961711711711712,
    "recall": 0.6818181818181818,
    "f1-score": 0.6283644792119368,
    "support": 65.0
  },
  "weighted avg": {
    "precision": 0.79495841995842,
    "recall": 0.676923076923077,
    "f1-score": 0.6236726506869924,
    "support": 65.0
  }
}