epoch,train_loss,val_loss,val_acc,val_f1_macro,val_f1_weighted,val_balanced_acc,val_recall_0,val_recall_1,val_recall_2
1,0.524303488433361,0.6473317742347717,0.6956521739130435,0.6916666666666665,0.6927536231884057,0.6964285714285715,0.875,0.5,0.7142857142857143
2,0.43741524964571,0.6513418736665145,0.7391304347826086,0.7321428571428571,0.7313664596273292,0.7440476190476191,0.875,0.5,0.8571428571428571
