epoch,train_loss,val_loss,val_acc,val_balanced_acc,val_f1_macro,val_f1_weighted,val_recall_0,val_recall_1,val_recall_2
1,0.6891346052289009,0.6993777648262356,0.6956521739130435,0.6904761904761904,0.6792022792022792,0.6819769602378297,1.0,0.5,0.5714285714285714
2,0.5331355705857277,0.7324570028678231,0.782608695652174,0.7916666666666666,0.7548029312735195,0.7538040249037692,1.0,0.375,1.0
