epoch,train_loss,val_loss,val_acc,val_balanced_acc,val_f1_macro,val_f1_weighted,val_recall_0,val_recall_1,val_recall_2
1,0.5879587456583977,0.762073568675829,0.6521739130434783,0.6666666666666666,0.5296296296296296,0.5222222222222221,1.0,0.0,1.0
2,0.5494118519127369,0.742696912392326,0.6521739130434783,0.6666666666666666,0.5296296296296296,0.5222222222222221,1.0,0.0,1.0
3,0.45816105231642723,0.7048410565956779,0.6521739130434783,0.6666666666666666,0.5296296296296296,0.5222222222222221,1.0,0.0,1.0
4,0.4903743676841259,0.6602824485820272,0.6521739130434783,0.6666666666666666,0.5296296296296296,0.5222222222222221,1.0,0.0,1.0
5,0.48186206817626953,0.6594787965650144,0.6521739130434783,0.6666666666666666,0.5296296296296296,0.5222222222222221,1.0,0.0,1.0
6,0.39508671313524246,0.6534666393114172,0.6956521739130435,0.7083333333333334,0.6211328976034858,0.6177038931514633,1.0,0.125,1.0
7,0.41755056008696556,0.633974728376969,0.7391304347826086,0.75,0.6926728586171311,0.690752456589043,1.0,0.25,1.0
8,0.4052239768207073,0.6465532079986904,0.7391304347826086,0.75,0.6926728586171311,0.690752456589043,1.0,0.25,1.0
