{
  "0": {
    "precision": 0.84,
    "recall": 1.0,
    "f1-score": 0.9130434782608695,
    "support": 21.0
  },
  "1": {
    "precision": 0.5294117647058824,
    "recall": 0.8181818181818182,
    "f1-score": 0.6428571428571429,
    "support": 22.0
  },
  "2": {
    "precision": 1.0,
    "recall": 0.2727272727272727,
    "f1-score": 0.42857142857142855,
    "support": 22.0
  },
  "accuracy": 0.6923076923076923,
  "macro avg": {
    "precision": 0.7898039215686273,
    "recall": 0.6969696969696969,
    "f1-score": 0.6614906832298136,
    "support": 65.0
  },
  "weighted avg": {
    "precision": 0.7890316742081448,
    "recall": 0.6923076923076923,
    "f1-score": 0.6576206402293359,
    "support": 65.0
  }
}