epoch,train_loss,val_loss,val_acc,val_balanced_acc,val_f1_macro,val_f1_weighted,val_recall_0,val_recall_1,val_recall_2
1,1.1444142237305641,0.7708268010098002,0.6521739130434783,0.6369047619047619,0.6148148148148148,0.6241545893719807,1.0,0.625,0.2857142857142857
2,1.0018713623285294,0.7722367877545564,0.6956521739130435,0.6845238095238094,0.6741929094870271,0.6797902296623525,1.0,0.625,0.42857142857142855
