{
  "0": {
    "precision": 0.84,
    "recall": 1.0,
    "f1-score": 0.9130434782608695,
    "support": 21.0
  },
  "1": {
    "precision": 0.45,
    "recall": 0.4090909090909091,
    "f1-score": 0.42857142857142855,
    "support": 22.0
  },
  "2": {
    "precision": 0.55,
    "recall": 0.5,
    "f1-score": 0.5238095238095238,
    "support": 22.0
  },
  "accuracy": 0.6307692307692307,
  "macro avg": {
    "precision": 0.6133333333333334,
    "recall": 0.6363636363636364,
    "f1-score": 0.6218081435472739,
    "support": 65.0
  },
  "weighted avg": {
    "precision": 0.6098461538461538,
    "recall": 0.6307692307692307,
    "f1-score": 0.6173275999362956,
    "support": 65.0
  }
}