{
  "0": {
    "precision": 0.84,
    "recall": 1.0,
    "f1-score": 0.9130434782608695,
    "support": 21.0
  },
  "1": {
    "precision": 0.8,
    "recall": 0.7272727272727273,
    "f1-score": 0.7619047619047619,
    "support": 22.0
  },
  "2": {
    "precision": 0.9,
    "recall": 0.8181818181818182,
    "f1-score": 0.8571428571428571,
    "support": 22.0
  },
  "accuracy": 0.8461538461538461,
  "macro avg": {
    "precision": 0.8466666666666667,
    "recall": 0.8484848484848485,
    "f1-score": 0.8440303657694962,
    "support": 65.0
  },
  "weighted avg": {
    "precision": 0.8467692307692308,
    "recall": 0.8461538461538461,
    "f1-score": 0.8429686255773211,
    "support": 65.0
  }
}