epoch,train_loss,val_loss,val_acc,val_balanced_acc,val_f1_macro,val_f1_weighted,val_recall_0,val_recall_1,val_recall_2
1,0.7383545152842999,0.6913741282794786,0.7391304347826086,0.7440476190476191,0.7316526610644258,0.7286810376324443,0.875,0.5,0.8571428571428571
2,0.5757856070995331,0.6939186531564464,0.8260869565217391,0.8333333333333334,0.8101851851851851,0.807367149758454,1.0,0.5,1.0
