epoch,train_loss,val_loss,val_acc,val_balanced_acc,val_f1_macro,val_f1_weighted,val_recall_0,val_recall_1,val_recall_2
1,0.7373076379299164,0.7569524101589037,0.5652173913043478,0.5595238095238095,0.5343915343915343,0.5389924085576259,1.0,0.25,0.42857142857142855
2,0.7755339816212654,0.7524891236554021,0.7391304347826086,0.75,0.6888888888888888,0.6850241545893719,1.0,0.25,1.0
3,0.6491023525595665,0.7061597057010817,0.6521739130434783,0.6488095238095238,0.6296296296296297,0.63216011042098,1.0,0.375,0.5714285714285714
4,0.5564526058733463,0.7054862328197645,0.7391304347826086,0.7440476190476191,0.7129629629629629,0.7113526570048309,1.0,0.375,0.8571428571428571
5,0.5362948924303055,0.6945938234743865,0.7391304347826086,0.7440476190476191,0.7129629629629629,0.7113526570048309,1.0,0.375,0.8571428571428571
6,0.5230419486761093,0.6813675242921581,0.782608695652174,0.7857142857142857,0.7680911680911681,0.7667038275733928,1.0,0.5,0.8571428571428571
7,0.5201515927910805,0.665860107411509,0.782608695652174,0.7857142857142857,0.7680911680911681,0.7667038275733928,1.0,0.5,0.8571428571428571
8,0.3619012627750635,0.655509440795235,0.8260869565217391,0.8273809523809524,0.8184873949579833,0.8192911947387651,1.0,0.625,0.8571428571428571
9,0.3765227496623993,0.6632580407287764,0.782608695652174,0.7857142857142857,0.7805555555555556,0.7797101449275362,0.875,0.625,0.8571428571428571
