epoch,train_loss,val_loss,val_acc,val_balanced_acc,val_f1_macro,val_f1_weighted,val_recall_0,val_recall_1,val_recall_2
1,0.8113799653947353,0.6916430735069773,0.7391304347826086,0.7380952380952381,0.7248677248677248,0.7253278122843341,1.0,0.5,0.7142857142857143
2,0.5823733024299145,0.7439389487971431,0.7391304347826086,0.75,0.6888888888888888,0.6850241545893719,1.0,0.25,1.0
