epoch,train_loss,val_loss,val_acc,val_balanced_acc,val_f1_macro,val_f1_weighted,val_recall_0,val_recall_1,val_recall_2
1,0.6387907862663269,0.6390520813672439,0.6086956521739131,0.5833333333333334,0.48677248677248675,0.5079365079365079,1.0,0.75,0.0
2,0.6546945422887802,0.640344649553299,0.6521739130434783,0.6309523809523809,0.5796296296296296,0.5939613526570049,1.0,0.75,0.14285714285714285
