{
  "0": {
    "precision": 0.875,
    "recall": 1.0,
    "f1-score": 0.9333333333333333,
    "support": 21.0
  },
  "1": {
    "precision": 0.8181818181818182,
    "recall": 0.8181818181818182,
    "f1-score": 0.8181818181818182,
    "support": 22.0
  },
  "2": {
    "precision": 0.9473684210526315,
    "recall": 0.8181818181818182,
    "f1-score": 0.8780487804878049,
    "support": 22.0
  },
  "accuracy": 0.8769230769230769,
  "macro avg": {
    "precision": 0.88018341307815,
    "recall": 0.8787878787878789,
    "f1-score": 0.876521310667652,
    "support": 65.0
  },
  "weighted avg": {
    "precision": 0.8802631578947367,
    "recall": 0.8769230769230769,
    "f1-score": 0.8756472795497187,
    "support": 65.0
  }
}