{
  "0": {
    "precision": 0.84,
    "recall": 1.0,
    "f1-score": 0.9130434782608695,
    "support": 21.0
  },
  "1": {
    "precision": 0.7894736842105263,
    "recall": 0.6818181818181818,
    "f1-score": 0.7317073170731707,
    "support": 22.0
  },
  "2": {
    "precision": 0.8571428571428571,
    "recall": 0.8181818181818182,
    "f1-score": 0.8372093023255814,
    "support": 22.0
  },
  "accuracy": 0.8307692307692308,
  "macro avg": {
    "precision": 0.8288721804511279,
    "recall": 0.8333333333333334,
    "f1-score": 0.8273200325532072,
    "support": 65.0
  },
  "weighted avg": {
    "precision": 0.828700983227299,
    "recall": 0.8307692307692308,
    "f1-score": 0.8260012103115509,
    "support": 65.0
  }
}