epoch,train_loss,val_loss,val_acc,val_balanced_acc,val_f1_macro,val_f1_weighted,val_recall_0,val_recall_1,val_recall_2
1,0.5463007614016533,0.6322167412094448,0.6956521739130435,0.6845238095238094,0.676470588235294,0.6841432225063938,1.0,0.625,0.42857142857142855
2,0.39058561995625496,0.7179937414501024,0.782608695652174,0.7857142857142857,0.7688536953242835,0.769673421207948,1.0,0.5,0.8571428571428571
