epoch,train_loss,val_loss,val_acc,val_balanced_acc,val_f1_macro,val_f1_weighted,val_recall_0,val_recall_1,val_recall_2
1,0.8459189161658287,0.8117355393326801,0.5652173913043478,0.5595238095238095,0.5343915343915343,0.5389924085576259,1.0,0.25,0.42857142857142855
2,0.8881997540593147,0.7979137275529944,0.6521739130434783,0.6607142857142857,0.5851851851851851,0.5816425120772947,1.0,0.125,0.8571428571428571
3,0.7420262768864632,0.7416589726572451,0.6521739130434783,0.6488095238095238,0.6296296296296297,0.63216011042098,1.0,0.375,0.5714285714285714
4,0.627782691270113,0.7355645558108455,0.6956521739130435,0.6964285714285715,0.6723646723646723,0.6726124117428466,1.0,0.375,0.7142857142857143
5,0.6003496944904327,0.7201719387717869,0.6956521739130435,0.6964285714285715,0.6723646723646723,0.6726124117428466,1.0,0.375,0.7142857142857143
6,0.5720450133085251,0.7041611852853195,0.6956521739130435,0.6964285714285715,0.6723646723646723,0.6726124117428466,1.0,0.375,0.7142857142857143
7,0.5681733898818493,0.6882406602735105,0.6956521739130435,0.6964285714285715,0.6723646723646723,0.6726124117428466,1.0,0.375,0.7142857142857143
8,0.39506271108984947,0.677167876907017,0.7391304347826086,0.7380952380952381,0.7248677248677248,0.7253278122843341,1.0,0.5,0.7142857142857143
9,0.39889897406101227,0.6825444983399432,0.8260869565217391,0.8273809523809524,0.8184873949579833,0.8192911947387651,1.0,0.625,0.8571428571428571
