epoch,train_loss,val_loss,val_acc,val_balanced_acc,val_f1_macro,val_f1_weighted,val_recall_0,val_recall_1,val_recall_2
1,0.5840084739029408,0.7594095779501874,0.6521739130434783,0.6666666666666666,0.5296296296296296,0.5222222222222221,1.0,0.0,1.0
2,0.5465554296970367,0.7402515955593275,0.6521739130434783,0.6666666666666666,0.5296296296296296,0.5222222222222221,1.0,0.0,1.0
3,0.4555050656199455,0.70252685961516,0.6521739130434783,0.6666666666666666,0.5296296296296296,0.5222222222222221,1.0,0.0,1.0
4,0.48853253573179245,0.6581544228222059,0.6521739130434783,0.6666666666666666,0.5296296296296296,0.5222222222222221,1.0,0.0,1.0
5,0.48031362146139145,0.6576584214749543,0.6521739130434783,0.6666666666666666,0.5296296296296296,0.5222222222222221,1.0,0.0,1.0
6,0.39328958094120026,0.6519865134487981,0.6956521739130435,0.7083333333333334,0.6211328976034858,0.6177038931514633,1.0,0.125,1.0
7,0.41566014289855957,0.6320690331251725,0.7391304347826086,0.75,0.6926728586171311,0.690752456589043,1.0,0.25,1.0
8,0.4029965214431286,0.6441709580628768,0.7391304347826086,0.75,0.6926728586171311,0.690752456589043,1.0,0.25,1.0
