{
  "0": {
    "precision": 0.9523809523809523,
    "recall": 0.9523809523809523,
    "f1-score": 0.9523809523809523,
    "support": 21.0
  },
  "1": {
    "precision": 0.75,
    "recall": 0.8181818181818182,
    "f1-score": 0.782608695652174,
    "support": 22.0
  },
  "2": {
    "precision": 0.85,
    "recall": 0.7727272727272727,
    "f1-score": 0.8095238095238095,
    "support": 22.0
  },
  "accuracy": 0.8461538461538461,
  "macro avg": {
    "precision": 0.8507936507936508,
    "recall": 0.8477633477633478,
    "f1-score": 0.8481711525189786,
    "support": 65.0
  },
  "weighted avg": {
    "precision": 0.8492307692307692,
    "recall": 0.8461538461538461,
    "f1-score": 0.8465679248287944,
    "support": 65.0
  }
}