{
  "0": {
    "precision": 0.9444444444444444,
    "recall": 0.8947368421052632,
    "f1-score": 0.918918918918919,
    "support": 19.0
  },
  "1": {
    "precision": 0.7391304347826086,
    "recall": 0.85,
    "f1-score": 0.7906976744186046,
    "support": 20.0
  },
  "2": {
    "precision": 0.8888888888888888,
    "recall": 0.8,
    "f1-score": 0.8421052631578947,
    "support": 20.0
  },
  "accuracy": 0.847457627118644,
  "macro avg": {
    "precision": 0.8574879227053139,
    "recall": 0.8482456140350877,
    "f1-score": 0.8505739521651394,
    "support": 59.0
  },
  "weighted avg": {
    "precision": 0.8560140833538032,
    "recall": 0.847457627118644,
    "f1-score": 0.8494155628981263,
    "support": 59.0
  }
}