epoch,train_loss,val_loss,val_acc,val_balanced_acc,val_f1_macro,val_f1_weighted,val_recall_0,val_recall_1,val_recall_2
1,0.6138988811036815,0.5326503373327709,0.9047619047619048,0.9047619047619048,0.9027777777777778,0.9027777777777779,1.0,0.7142857142857143,1.0
2,0.5681810962117236,0.5368135429563976,0.9047619047619048,0.9047619047619048,0.9027777777777778,0.9027777777777779,1.0,0.7142857142857143,1.0
