{
  "0": {
    "precision": 0.8421052631578947,
    "recall": 0.7619047619047619,
    "f1-score": 0.8,
    "support": 21.0
  },
  "1": {
    "precision": 0.5909090909090909,
    "recall": 0.5909090909090909,
    "f1-score": 0.5909090909090909,
    "support": 22.0
  },
  "2": {
    "precision": 0.75,
    "recall": 0.8181818181818182,
    "f1-score": 0.782608695652174,
    "support": 22.0
  },
  "accuracy": 0.7230769230769231,
  "macro avg": {
    "precision": 0.7276714513556618,
    "recall": 0.7236652236652237,
    "f1-score": 0.724505928853755,
    "support": 65.0
  },
  "weighted avg": {
    "precision": 0.725910931174089,
    "recall": 0.7230769230769231,
    "f1-score": 0.7233444816053511,
    "support": 65.0
  }
}