{
  "0": {
    "precision": 0.875,
    "recall": 1.0,
    "f1-score": 0.9333333333333333,
    "support": 21.0
  },
  "1": {
    "precision": 0.6111111111111112,
    "recall": 0.5,
    "f1-score": 0.55,
    "support": 22.0
  },
  "2": {
    "precision": 0.6521739130434783,
    "recall": 0.6818181818181818,
    "f1-score": 0.6666666666666666,
    "support": 22.0
  },
  "accuracy": 0.7230769230769231,
  "macro avg": {
    "precision": 0.7127616747181964,
    "recall": 0.7272727272727272,
    "f1-score": 0.7166666666666667,
    "support": 65.0
  },
  "weighted avg": {
    "precision": 0.7102657004830918,
    "recall": 0.7230769230769231,
    "f1-score": 0.7133333333333334,
    "support": 65.0
  }
}