epoch,train_loss,val_loss,val_acc,val_balanced_acc,val_f1_macro,val_f1_weighted,val_recall_0,val_recall_1,val_recall_2
1,0.8819852694869041,0.734509685765142,0.6521739130434783,0.6607142857142857,0.5851851851851851,0.5816425120772947,1.0,0.125,0.8571428571428571
2,0.6511864624917507,0.7657863160838252,0.6956521739130435,0.7083333333333334,0.6159844054580897,0.6107297228578694,1.0,0.125,1.0
