{
  "0": {
    "precision": 0.9166666666666666,
    "recall": 0.9166666666666666,
    "f1-score": 0.9166666666666666,
    "support": 12.0
  },
  "1": {
    "precision": 0.8181818181818182,
    "recall": 0.75,
    "f1-score": 0.782608695652174,
    "support": 12.0
  },
  "2": {
    "precision": 0.8461538461538461,
    "recall": 0.9166666666666666,
    "f1-score": 0.88,
    "support": 12.0
  },
  "accuracy": 0.8611111111111112,
  "macro avg": {
    "precision": 0.8603341103341103,
    "recall": 0.861111111111111,
    "f1-score": 0.8597584541062803,
    "support": 36.0
  },
  "weighted avg": {
    "precision": 0.8603341103341103,
    "recall": 0.8611111111111112,
    "f1-score": 0.8597584541062803,
    "support": 36.0
  }
}