{
  "0": {
    "precision": 0.84,
    "recall": 1.0,
    "f1-score": 0.9130434782608695,
    "support": 21.0
  },
  "1": {
    "precision": 0.45454545454545453,
    "recall": 0.6818181818181818,
    "f1-score": 0.5454545454545454,
    "support": 22.0
  },
  "2": {
    "precision": 0.5714285714285714,
    "recall": 0.18181818181818182,
    "f1-score": 0.27586206896551724,
    "support": 22.0
  },
  "accuracy": 0.6153846153846154,
  "macro avg": {
    "precision": 0.621991341991342,
    "recall": 0.6212121212121212,
    "f1-score": 0.5781200308936442,
    "support": 65.0
  },
  "weighted avg": {
    "precision": 0.6186373626373626,
    "recall": 0.6153846153846154,
    "f1-score": 0.5729673624726098,
    "support": 65.0
  }
}