epoch,train_loss,val_loss,val_acc,val_balanced_acc,val_f1_macro,val_f1_weighted,val_recall_0,val_recall_1,val_recall_2
1,0.7761081419885159,0.7252254589744236,0.6086956521739131,0.5892857142857143,0.5458089668615984,0.5598779557589626,1.0,0.625,0.14285714285714285
2,0.6824906170368195,0.7264934830043627,0.6086956521739131,0.5952380952380952,0.5743711626064568,0.5835335451703738,1.0,0.5,0.2857142857142857
