{
  "0": {
    "precision": 0.9090909090909091,
    "recall": 0.9090909090909091,
    "f1-score": 0.9090909090909091,
    "support": 22.0
  },
  "1": {
    "precision": 0.7058823529411765,
    "recall": 0.5714285714285714,
    "f1-score": 0.631578947368421,
    "support": 21.0
  },
  "2": {
    "precision": 0.6923076923076923,
    "recall": 0.8181818181818182,
    "f1-score": 0.75,
    "support": 22.0
  },
  "accuracy": 0.7692307692307693,
  "macro avg": {
    "precision": 0.7690936514465926,
    "recall": 0.7662337662337663,
    "f1-score": 0.7635566188197767,
    "support": 65.0
  },
  "weighted avg": {
    "precision": 0.7700661329620606,
    "recall": 0.7692307692307693,
    "f1-score": 0.765587044534413,
    "support": 65.0
  }
}