epoch,train_loss,val_loss,val_acc,val_balanced_acc,val_f1_macro,val_f1_weighted,val_recall_0,val_recall_1,val_recall_2
1,0.6207547150552273,0.7707296972689421,0.6521739130434783,0.6666666666666666,0.5296296296296296,0.5222222222222221,1.0,0.0,1.0
2,0.570788748562336,0.7479626562284387,0.6521739130434783,0.6666666666666666,0.5296296296296296,0.5222222222222221,1.0,0.0,1.0
3,0.4796203300356865,0.7106579723565475,0.6521739130434783,0.6666666666666666,0.5296296296296296,0.5222222222222221,1.0,0.0,1.0
4,0.4994354508817196,0.6658878741057023,0.6956521739130435,0.7083333333333334,0.6159844054580897,0.6107297228578694,1.0,0.125,1.0
5,0.4872036352753639,0.6621856119321741,0.7391304347826086,0.75,0.6926728586171311,0.690752456589043,1.0,0.25,1.0
6,0.40314721316099167,0.6555088447487872,0.782608695652174,0.7916666666666666,0.7548029312735195,0.7538040249037692,1.0,0.375,1.0
7,0.4285200759768486,0.6411941569784413,0.782608695652174,0.7916666666666666,0.7548029312735195,0.7538040249037692,1.0,0.375,1.0
8,0.4191550612449646,0.6570774031722028,0.7391304347826086,0.75,0.6926728586171311,0.690752456589043,1.0,0.25,1.0
