{
  "0": {
    "precision": 0.875,
    "recall": 1.0,
    "f1-score": 0.9333333333333333,
    "support": 21.0
  },
  "1": {
    "precision": 0.6,
    "recall": 0.5454545454545454,
    "f1-score": 0.5714285714285714,
    "support": 22.0
  },
  "2": {
    "precision": 0.6666666666666666,
    "recall": 0.6363636363636364,
    "f1-score": 0.6511627906976745,
    "support": 22.0
  },
  "accuracy": 0.7230769230769231,
  "macro avg": {
    "precision": 0.7138888888888889,
    "recall": 0.7272727272727272,
    "f1-score": 0.7186415651531931,
    "support": 65.0
  },
  "weighted avg": {
    "precision": 0.7114102564102565,
    "recall": 0.7230769230769231,
    "f1-score": 0.7153386148734987,
    "support": 65.0
  }
}