{
  "0": {
    "precision": 0.875,
    "recall": 1.0,
    "f1-score": 0.9333333333333333,
    "support": 21.0
  },
  "1": {
    "precision": 0.5,
    "recall": 0.7727272727272727,
    "f1-score": 0.6071428571428571,
    "support": 22.0
  },
  "2": {
    "precision": 0.7142857142857143,
    "recall": 0.22727272727272727,
    "f1-score": 0.3448275862068966,
    "support": 22.0
  },
  "accuracy": 0.6615384615384615,
  "macro avg": {
    "precision": 0.6964285714285715,
    "recall": 0.6666666666666666,
    "f1-score": 0.6284345922276956,
    "support": 65.0
  },
  "weighted avg": {
    "precision": 0.6936813186813187,
    "recall": 0.6615384615384615,
    "f1-score": 0.623743842364532,
    "support": 65.0
  }
}