{
  "0": {
    "precision": 0.8076923076923077,
    "recall": 1.0,
    "f1-score": 0.8936170212765957,
    "support": 21.0
  },
  "1": {
    "precision": 0.8235294117647058,
    "recall": 0.6363636363636364,
    "f1-score": 0.717948717948718,
    "support": 22.0
  },
  "2": {
    "precision": 0.8636363636363636,
    "recall": 0.8636363636363636,
    "f1-score": 0.8636363636363636,
    "support": 22.0
  },
  "accuracy": 0.8307692307692308,
  "macro avg": {
    "precision": 0.8316193610311258,
    "recall": 0.8333333333333334,
    "f1-score": 0.8250673676205591,
    "support": 65.0
  },
  "weighted avg": {
    "precision": 0.8319874695440306,
    "recall": 0.8307692307692308,
    "f1-score": 0.8240127575643125,
    "support": 65.0
  }
}