epoch,train_loss,val_loss,val_acc,val_balanced_acc,val_f1_macro,val_f1_weighted,val_recall_0,val_recall_1,val_recall_2
1,0.595952745527029,0.6180266219636669,0.6521739130434783,0.6369047619047619,0.6148148148148148,0.6241545893719807,1.0,0.625,0.2857142857142857
2,0.5918119549751282,0.6338090158027151,0.782608695652174,0.7857142857142857,0.7680911680911681,0.7667038275733928,1.0,0.5,0.8571428571428571
