{
  "0": {
    "precision": 0.84,
    "recall": 1.0,
    "f1-score": 0.9130434782608695,
    "support": 21.0
  },
  "1": {
    "precision": 0.8888888888888888,
    "recall": 0.7272727272727273,
    "f1-score": 0.8,
    "support": 22.0
  },
  "2": {
    "precision": 0.9090909090909091,
    "recall": 0.9090909090909091,
    "f1-score": 0.9090909090909091,
    "support": 22.0
  },
  "accuracy": 0.8769230769230769,
  "macro avg": {
    "precision": 0.8793265993265993,
    "recall": 0.8787878787878788,
    "f1-score": 0.8740447957839262,
    "support": 65.0
  },
  "weighted avg": {
    "precision": 0.8799316239316239,
    "recall": 0.8769230769230769,
    "f1-score": 0.8734448160535117,
    "support": 65.0
  }
}