{
  "0": {
    "precision": 0.95,
    "recall": 0.9047619047619048,
    "f1-score": 0.926829268292683,
    "support": 21.0
  },
  "1": {
    "precision": 0.7391304347826086,
    "recall": 0.7727272727272727,
    "f1-score": 0.7555555555555555,
    "support": 22.0
  },
  "2": {
    "precision": 0.8181818181818182,
    "recall": 0.8181818181818182,
    "f1-score": 0.8181818181818182,
    "support": 22.0
  },
  "accuracy": 0.8307692307692308,
  "macro avg": {
    "precision": 0.8357707509881424,
    "recall": 0.831890331890332,
    "f1-score": 0.8335222140100189,
    "support": 65.0
  },
  "weighted avg": {
    "precision": 0.8340133779264214,
    "recall": 0.8307692307692308,
    "f1-score": 0.8320867208672087,
    "support": 65.0
  }
}