{
  "0": {
    "precision": 0.84,
    "recall": 1.0,
    "f1-score": 0.9130434782608695,
    "support": 21.0
  },
  "1": {
    "precision": 0.6153846153846154,
    "recall": 0.7272727272727273,
    "f1-score": 0.6666666666666666,
    "support": 22.0
  },
  "2": {
    "precision": 0.8571428571428571,
    "recall": 0.5454545454545454,
    "f1-score": 0.6666666666666666,
    "support": 22.0
  },
  "accuracy": 0.7538461538461538,
  "macro avg": {
    "precision": 0.7708424908424908,
    "recall": 0.7575757575757575,
    "f1-score": 0.7487922705314008,
    "support": 65.0
  },
  "weighted avg": {
    "precision": 0.7697785291631445,
    "recall": 0.7538461538461538,
    "f1-score": 0.7462653288740244,
    "support": 65.0
  }
}