epoch,train_loss,val_loss,val_acc,val_balanced_acc,val_f1_macro,val_f1_weighted,val_recall_0,val_recall_1,val_recall_2
1,0.5969227142632008,0.618767314631006,0.6521739130434783,0.6369047619047619,0.6148148148148148,0.6241545893719807,1.0,0.625,0.2857142857142857
2,0.6040066443383694,0.624711477238199,0.7391304347826086,0.7380952380952381,0.7248677248677248,0.7253278122843341,1.0,0.5,0.7142857142857143
