{
  "0": {
    "precision": 0.9444444444444444,
    "recall": 0.9444444444444444,
    "f1-score": 0.9444444444444444,
    "support": 18.0
  },
  "1": {
    "precision": 0.7058823529411765,
    "recall": 0.6666666666666666,
    "f1-score": 0.6857142857142857,
    "support": 18.0
  },
  "2": {
    "precision": 0.7368421052631579,
    "recall": 0.7777777777777778,
    "f1-score": 0.7567567567567568,
    "support": 18.0
  },
  "accuracy": 0.7962962962962963,
  "macro avg": {
    "precision": 0.7957229675495929,
    "recall": 0.7962962962962963,
    "f1-score": 0.7956384956384955,
    "support": 54.0
  },
  "weighted avg": {
    "precision": 0.7957229675495929,
    "recall": 0.7962962962962963,
    "f1-score": 0.7956384956384956,
    "support": 54.0
  }
}