epoch,train_loss,val_loss,val_acc,val_balanced_acc,val_f1_macro,val_f1_weighted,val_recall_0,val_recall_1,val_recall_2
1,0.6003401502966881,0.7600583563680234,0.6521739130434783,0.6666666666666666,0.5296296296296296,0.5222222222222221,1.0,0.0,1.0
2,0.5552741959691048,0.7393267076948414,0.6521739130434783,0.6666666666666666,0.5296296296296296,0.5222222222222221,1.0,0.0,1.0
3,0.4644407108426094,0.7015935597212418,0.6521739130434783,0.6666666666666666,0.5296296296296296,0.5222222222222221,1.0,0.0,1.0
4,0.4886672869324684,0.6574990179227747,0.6521739130434783,0.6666666666666666,0.5296296296296296,0.5222222222222221,1.0,0.0,1.0
5,0.4785407744348049,0.6551565864811772,0.6956521739130435,0.7083333333333334,0.6159844054580897,0.6107297228578694,1.0,0.125,1.0
6,0.3928937315940857,0.6490730150886204,0.6956521739130435,0.7083333333333334,0.6159844054580897,0.6107297228578694,1.0,0.125,1.0
7,0.4183104410767555,0.6328061404435531,0.7391304347826086,0.75,0.6926728586171311,0.690752456589043,1.0,0.25,1.0
8,0.40727948024868965,0.646565520245096,0.7391304347826086,0.75,0.6926728586171311,0.690752456589043,1.0,0.25,1.0
