{
  "0": {
    "precision": 0.8076923076923077,
    "recall": 1.0,
    "f1-score": 0.8936170212765957,
    "support": 21.0
  },
  "1": {
    "precision": 0.9230769230769231,
    "recall": 0.5454545454545454,
    "f1-score": 0.6857142857142857,
    "support": 22.0
  },
  "2": {
    "precision": 0.8076923076923077,
    "recall": 0.9545454545454546,
    "f1-score": 0.875,
    "support": 22.0
  },
  "accuracy": 0.8307692307692308,
  "macro avg": {
    "precision": 0.8461538461538461,
    "recall": 0.8333333333333334,
    "f1-score": 0.8181104356636272,
    "support": 65.0
  },
  "weighted avg": {
    "precision": 0.8467455621301776,
    "recall": 0.8307692307692308,
    "f1-score": 0.816948795884966,
    "support": 65.0
  }
}