epoch,train_loss,val_loss,val_acc,val_f1_macro,val_f1_weighted,val_balanced_acc,val_recall_0,val_recall_1,val_recall_2
1,0.599062342196703,0.6920492001201796,0.7391304347826086,0.7175925925925926,0.714975845410628,0.75,0.875,0.375,1.0
2,0.6181493401527405,0.7374226502750231,0.6956521739130435,0.6584928229665072,0.6550863324318703,0.7083333333333334,0.875,0.25,1.0
