epoch,train_loss,val_loss,val_acc,val_balanced_acc,val_f1_macro,val_f1_weighted,val_recall_0,val_recall_1,val_recall_2
1,0.6418640166521072,0.756120635115582,0.6956521739130435,0.7083333333333334,0.6159844054580897,0.6107297228578694,1.0,0.125,1.0
2,0.583269115537405,0.7291355262631956,0.6956521739130435,0.7083333333333334,0.6159844054580897,0.6107297228578694,1.0,0.125,1.0
3,0.4978112615644932,0.6968054823253466,0.7391304347826086,0.75,0.6888888888888888,0.6850241545893719,1.0,0.25,1.0
4,0.5022853948175907,0.6558345582174219,0.782608695652174,0.7916666666666666,0.7548029312735195,0.7538040249037692,1.0,0.375,1.0
5,0.48453837260603905,0.6506198903788691,0.8260869565217391,0.8333333333333334,0.8104575163398694,0.8098891730605287,1.0,0.5,1.0
6,0.4057001732289791,0.6441895262054775,0.8260869565217391,0.8333333333333334,0.8104575163398694,0.8098891730605287,1.0,0.5,1.0
7,0.4332428462803364,0.633502466523129,0.8260869565217391,0.8333333333333334,0.8104575163398694,0.8098891730605287,1.0,0.5,1.0
8,0.42520884051918983,0.6495093029478322,0.8260869565217391,0.8333333333333334,0.8104575163398694,0.8098891730605287,1.0,0.5,1.0
