epoch,train_loss,val_loss,val_acc,val_balanced_acc,val_f1_macro,val_f1_weighted,val_recall_0,val_recall_1,val_recall_2
1,0.6385207772254944,0.7718703409899836,0.6521739130434783,0.6666666666666666,0.5296296296296296,0.5222222222222221,1.0,0.0,1.0
2,0.5830422230064869,0.746380310991536,0.6521739130434783,0.6666666666666666,0.5296296296296296,0.5222222222222221,1.0,0.0,1.0
3,0.49330249801278114,0.7108349592789359,0.6521739130434783,0.6666666666666666,0.5296296296296296,0.5222222222222221,1.0,0.0,1.0
4,0.5061104148626328,0.6670126422591831,0.782608695652174,0.7916666666666666,0.7548029312735195,0.7538040249037692,1.0,0.375,1.0
5,0.4911127984523773,0.6621625527091648,0.782608695652174,0.7916666666666666,0.7548029312735195,0.7538040249037692,1.0,0.375,1.0
6,0.41012848541140556,0.6554324264111726,0.782608695652174,0.7916666666666666,0.7548029312735195,0.7538040249037692,1.0,0.375,1.0
7,0.43575065955519676,0.6434742108635281,0.8260869565217391,0.8333333333333334,0.8104575163398694,0.8098891730605287,1.0,0.5,1.0
8,0.42762788012623787,0.6608400370763696,0.8260869565217391,0.8333333333333334,0.8104575163398694,0.8098891730605287,1.0,0.5,1.0
