{
  "0": {
    "precision": 0.9047619047619048,
    "recall": 0.9047619047619048,
    "f1-score": 0.9047619047619048,
    "support": 21.0
  },
  "1": {
    "precision": 0.8260869565217391,
    "recall": 0.8636363636363636,
    "f1-score": 0.8444444444444444,
    "support": 22.0
  },
  "2": {
    "precision": 0.9523809523809523,
    "recall": 0.9090909090909091,
    "f1-score": 0.9302325581395349,
    "support": 22.0
  },
  "accuracy": 0.8923076923076924,
  "macro avg": {
    "precision": 0.8944099378881987,
    "recall": 0.8924963924963926,
    "f1-score": 0.893146302448628,
    "support": 65.0
  },
  "weighted avg": {
    "precision": 0.8942506768593725,
    "recall": 0.8923076923076924,
    "f1-score": 0.8929676008745777,
    "support": 65.0
  }
}