{
  "0": {
    "precision": 0.84,
    "recall": 1.0,
    "f1-score": 0.9130434782608695,
    "support": 21.0
  },
  "1": {
    "precision": 0.7391304347826086,
    "recall": 0.7727272727272727,
    "f1-score": 0.7555555555555555,
    "support": 22.0
  },
  "2": {
    "precision": 0.9411764705882353,
    "recall": 0.7272727272727273,
    "f1-score": 0.8205128205128205,
    "support": 22.0
  },
  "accuracy": 0.8307692307692308,
  "macro avg": {
    "precision": 0.8401023017902812,
    "recall": 0.8333333333333334,
    "f1-score": 0.829703951443082,
    "support": 65.0
  },
  "weighted avg": {
    "precision": 0.8401038756639779,
    "recall": 0.8307692307692308,
    "f1-score": 0.8284218048766543,
    "support": 65.0
  }
}