epoch,train_loss,val_loss,val_acc,val_balanced_acc,val_f1_macro,val_f1_weighted,val_recall_0,val_recall_1,val_recall_2
1,0.8346229791641235,0.7324631473292476,0.5652173913043478,0.5476190476190476,0.5152505446623094,0.5279909065075306,0.875,0.625,0.14285714285714285
2,0.8301703184843063,0.7201935130616893,0.6086956521739131,0.6011904761904762,0.5980392156862745,0.6023017902813299,0.875,0.5,0.42857142857142855
3,0.7764838188886642,0.7212163572726042,0.6521739130434783,0.6488095238095238,0.6296296296296297,0.63216011042098,1.0,0.375,0.5714285714285714
