{
  "0": {
    "precision": 0.875,
    "recall": 1.0,
    "f1-score": 0.9333333333333333,
    "support": 21.0
  },
  "1": {
    "precision": 0.3333333333333333,
    "recall": 0.3181818181818182,
    "f1-score": 0.32558139534883723,
    "support": 22.0
  },
  "2": {
    "precision": 0.4,
    "recall": 0.36363636363636365,
    "f1-score": 0.38095238095238093,
    "support": 22.0
  },
  "accuracy": 0.5538461538461539,
  "macro avg": {
    "precision": 0.5361111111111111,
    "recall": 0.5606060606060606,
    "f1-score": 0.5466223698781838,
    "support": 65.0
  },
  "weighted avg": {
    "precision": 0.5308974358974359,
    "recall": 0.5538461538461539,
    "f1-score": 0.5406729704404123,
    "support": 65.0
  }
}