{
  "0": {
    "precision": 0.84,
    "recall": 1.0,
    "f1-score": 0.9130434782608695,
    "support": 21.0
  },
  "1": {
    "precision": 0.9333333333333333,
    "recall": 0.6363636363636364,
    "f1-score": 0.7567567567567568,
    "support": 22.0
  },
  "2": {
    "precision": 0.84,
    "recall": 0.9545454545454546,
    "f1-score": 0.8936170212765957,
    "support": 22.0
  },
  "accuracy": 0.8615384615384616,
  "macro avg": {
    "precision": 0.8711111111111111,
    "recall": 0.8636363636363636,
    "f1-score": 0.8544724187647406,
    "support": 65.0
  },
  "weighted avg": {
    "precision": 0.8715897435897436,
    "recall": 0.8615384615384616,
    "f1-score": 0.8535713255417233,
    "support": 65.0
  }
}