epoch,train_loss,val_loss,val_acc,val_f1_macro,val_f1_weighted,val_balanced_acc,val_recall_0,val_recall_1,val_recall_2
1,0.61085394769907,0.6657961062763048,0.6521739130434783,0.6488095238095238,0.6521739130434783,0.6488095238095238,0.875,0.5,0.5714285714285714
2,0.541924737393856,0.670509283957274,0.6956521739130435,0.6808069381598795,0.6797167027346056,0.7023809523809524,0.875,0.375,0.8571428571428571
