{
  "0": {
    "precision": 0.875,
    "recall": 1.0,
    "f1-score": 0.9333333333333333,
    "support": 21.0
  },
  "1": {
    "precision": 0.6,
    "recall": 0.4090909090909091,
    "f1-score": 0.4864864864864865,
    "support": 22.0
  },
  "2": {
    "precision": 0.6153846153846154,
    "recall": 0.7272727272727273,
    "f1-score": 0.6666666666666666,
    "support": 22.0
  },
  "accuracy": 0.7076923076923077,
  "macro avg": {
    "precision": 0.6967948717948719,
    "recall": 0.7121212121212123,
    "f1-score": 0.6954954954954955,
    "support": 65.0
  },
  "weighted avg": {
    "precision": 0.6940532544378698,
    "recall": 0.7076923076923077,
    "f1-score": 0.6918364518364518,
    "support": 65.0
  }
}