epoch,train_loss,val_loss,val_acc,val_balanced_acc,val_f1_macro,val_f1_weighted,val_recall_0,val_recall_1,val_recall_2
1,0.7318565398454666,0.7478513510330863,0.6521739130434783,0.6607142857142857,0.6209150326797386,0.6172208013640238,0.875,0.25,0.8571428571428571
2,0.7939217388629913,0.7499671837557917,0.6521739130434783,0.6666666666666666,0.5867905056759546,0.5802665230852067,0.875,0.125,1.0
