{
  "0": {
    "precision": 0.875,
    "recall": 1.0,
    "f1-score": 0.9333333333333333,
    "support": 21.0
  },
  "1": {
    "precision": 0.7727272727272727,
    "recall": 0.7727272727272727,
    "f1-score": 0.7727272727272727,
    "support": 22.0
  },
  "2": {
    "precision": 0.8947368421052632,
    "recall": 0.7727272727272727,
    "f1-score": 0.8292682926829268,
    "support": 22.0
  },
  "accuracy": 0.8461538461538461,
  "macro avg": {
    "precision": 0.847488038277512,
    "recall": 0.8484848484848485,
    "f1-score": 0.8451096329145109,
    "support": 65.0
  },
  "weighted avg": {
    "precision": 0.8470647773279353,
    "recall": 0.8461538461538461,
    "f1-score": 0.8437523452157598,
    "support": 65.0
  }
}