epoch,train_loss,val_loss,val_acc,val_balanced_acc,val_f1_macro,val_f1_weighted,val_recall_0,val_recall_1,val_recall_2
1,0.6244651675224304,0.6306115881256436,0.782608695652174,0.7738095238095237,0.7712418300653594,0.7757885763000852,1.0,0.75,0.5714285714285714
2,0.5675169862806797,0.657050556462744,0.8695652173913043,0.875,0.8618024132730016,0.8612286051544364,1.0,0.625,1.0
