epoch,train_loss,val_loss,val_acc,val_balanced_acc,val_f1_macro,val_f1_weighted,val_recall_0,val_recall_1,val_recall_2
1,0.6251158453524113,0.7797999252443728,0.6521739130434783,0.6666666666666666,0.5296296296296296,0.5222222222222221,1.0,0.0,1.0
2,0.5758009441196918,0.7566937726476918,0.6521739130434783,0.6666666666666666,0.5296296296296296,0.5222222222222221,1.0,0.0,1.0
3,0.48356756567955017,0.7182954057403232,0.6521739130434783,0.6666666666666666,0.5296296296296296,0.5222222222222221,1.0,0.0,1.0
4,0.5056844018399715,0.6723423055980516,0.7391304347826086,0.75,0.6926728586171311,0.690752456589043,1.0,0.25,1.0
5,0.4944790154695511,0.6688585385032322,0.7391304347826086,0.75,0.6926728586171311,0.690752456589043,1.0,0.25,1.0
6,0.40930451452732086,0.6619063849034517,0.7391304347826086,0.75,0.6926728586171311,0.690752456589043,1.0,0.25,1.0
7,0.433673731982708,0.6465475300083989,0.782608695652174,0.7916666666666666,0.7548029312735195,0.7538040249037692,1.0,0.375,1.0
8,0.42389801889657974,0.6630927168804667,0.7391304347826086,0.75,0.6926728586171311,0.690752456589043,1.0,0.25,1.0
