{
  "0": {
    "precision": 0.84,
    "recall": 1.0,
    "f1-score": 0.9130434782608695,
    "support": 21.0
  },
  "1": {
    "precision": 0.9,
    "recall": 0.4090909090909091,
    "f1-score": 0.5625,
    "support": 22.0
  },
  "2": {
    "precision": 0.7,
    "recall": 0.9545454545454546,
    "f1-score": 0.8076923076923077,
    "support": 22.0
  },
  "accuracy": 0.7846153846153846,
  "macro avg": {
    "precision": 0.8133333333333334,
    "recall": 0.787878787878788,
    "f1-score": 0.7610785953177258,
    "support": 65.0
  },
  "weighted avg": {
    "precision": 0.8129230769230769,
    "recall": 0.7846153846153846,
    "f1-score": 0.7587406740416773,
    "support": 65.0
  }
}