epoch,train_loss,val_loss,val_acc,val_balanced_acc,val_f1_macro,val_f1_weighted,val_recall_0,val_recall_1,val_recall_2
1,0.5685269087553024,0.7401417727055757,0.6521739130434783,0.6666666666666666,0.5296296296296296,0.5222222222222221,1.0,0.0,1.0
2,0.5315996408462524,0.7222998194072557,0.6521739130434783,0.6666666666666666,0.5296296296296296,0.5222222222222221,1.0,0.0,1.0
3,0.4427603930234909,0.6858376160911892,0.6521739130434783,0.6666666666666666,0.5296296296296296,0.5222222222222221,1.0,0.0,1.0
4,0.47417666018009186,0.6432921471803085,0.6521739130434783,0.6666666666666666,0.5296296296296296,0.5222222222222221,1.0,0.0,1.0
5,0.46578365936875343,0.642977377642756,0.6521739130434783,0.6666666666666666,0.5296296296296296,0.5222222222222221,1.0,0.0,1.0
6,0.3794914148747921,0.6375089598738629,0.6521739130434783,0.6666666666666666,0.5296296296296296,0.5222222222222221,1.0,0.0,1.0
7,0.4033192880451679,0.617811742036239,0.6956521739130435,0.7083333333333334,0.6159844054580897,0.6107297228578694,1.0,0.125,1.0
8,0.39086121693253517,0.6281612230383832,0.6956521739130435,0.7083333333333334,0.6159844054580897,0.6107297228578694,1.0,0.125,1.0
