{
  "0": {
    "precision": 1.0,
    "recall": 0.9,
    "f1-score": 0.9473684210526315,
    "support": 10.0
  },
  "1": {
    "precision": 0.5882352941176471,
    "recall": 0.9090909090909091,
    "f1-score": 0.7142857142857143,
    "support": 11.0
  },
  "2": {
    "precision": 0.6666666666666666,
    "recall": 0.36363636363636365,
    "f1-score": 0.47058823529411764,
    "support": 11.0
  },
  "accuracy": 0.71875,
  "macro avg": {
    "precision": 0.7516339869281046,
    "recall": 0.7242424242424242,
    "f1-score": 0.7107474568774879,
    "support": 32.0
  },
  "weighted avg": {
    "precision": 0.7438725490196078,
    "recall": 0.71875,
    "f1-score": 0.7033530517470146,
    "support": 32.0
  }
}