epoch,train_loss,val_loss,val_acc,val_f1_macro,val_f1_weighted,val_balanced_acc,val_recall_0,val_recall_1,val_recall_2
1,0.7313073854292592,0.61572265625,0.7272727272727273,0.6888888888888888,0.7151515151515151,0.6944444444444445,1.0,0.75,0.3333333333333333
2,0.9511194113762148,0.6158244609832764,0.7272727272727273,0.7142857142857143,0.7272727272727273,0.7222222222222222,1.0,0.5,0.6666666666666666
