epoch,train_loss,val_loss,val_acc,val_balanced_acc,val_f1_macro,val_f1_weighted,val_recall_0,val_recall_1,val_recall_2
1,0.6039182059466839,0.773587387541066,0.6521739130434783,0.6666666666666666,0.5296296296296296,0.5222222222222221,1.0,0.0,1.0
2,0.5614707432687283,0.7527478466863218,0.6521739130434783,0.6666666666666666,0.5296296296296296,0.5222222222222221,1.0,0.0,1.0
3,0.4693431816995144,0.7144682122313458,0.6521739130434783,0.6666666666666666,0.5296296296296296,0.5222222222222221,1.0,0.0,1.0
4,0.49877113476395607,0.6685041448344355,0.6521739130434783,0.6666666666666666,0.5296296296296296,0.5222222222222221,1.0,0.0,1.0
5,0.4898265674710274,0.666858038176661,0.6956521739130435,0.7083333333333334,0.6211328976034858,0.6177038931514633,1.0,0.125,1.0
6,0.4030153453350067,0.6608168586440708,0.7391304347826086,0.75,0.6926728586171311,0.690752456589043,1.0,0.25,1.0
7,0.42627840116620064,0.6426478287448054,0.7391304347826086,0.75,0.6926728586171311,0.690752456589043,1.0,0.25,1.0
8,0.41457075998187065,0.6569800454637279,0.7391304347826086,0.75,0.6926728586171311,0.690752456589043,1.0,0.25,1.0
