epoch,train_loss,val_loss,val_acc,val_balanced_acc,val_f1_macro,val_f1_weighted,val_recall_0,val_recall_1,val_recall_2
1,0.6377251520752907,0.7488455642824587,0.6956521739130435,0.7083333333333334,0.6159844054580897,0.6107297228578694,1.0,0.125,1.0
2,0.5793140567839146,0.722112995126973,0.7391304347826086,0.75,0.6888888888888888,0.6850241545893719,1.0,0.25,1.0
3,0.4945453442633152,0.6906072756518489,0.7391304347826086,0.75,0.6888888888888888,0.6850241545893719,1.0,0.25,1.0
4,0.49776503071188927,0.650615754334823,0.782608695652174,0.7916666666666666,0.7548029312735195,0.7538040249037692,1.0,0.375,1.0
5,0.47932303696870804,0.6455318927764893,0.8260869565217391,0.8333333333333334,0.8104575163398694,0.8098891730605287,1.0,0.5,1.0
6,0.40143290534615517,0.6393949648608332,0.8260869565217391,0.8333333333333334,0.8104575163398694,0.8098891730605287,1.0,0.5,1.0
7,0.42932208999991417,0.6290407077125881,0.782608695652174,0.7857142857142857,0.7688536953242835,0.769673421207948,1.0,0.5,0.8571428571428571
8,0.42109882831573486,0.6444411187068276,0.8260869565217391,0.8333333333333334,0.8104575163398694,0.8098891730605287,1.0,0.5,1.0
