{
  "0": {
    "precision": 0.8076923076923077,
    "recall": 1.0,
    "f1-score": 0.8936170212765957,
    "support": 21.0
  },
  "1": {
    "precision": 1.0,
    "recall": 0.09090909090909091,
    "f1-score": 0.16666666666666666,
    "support": 22.0
  },
  "2": {
    "precision": 0.5945945945945946,
    "recall": 1.0,
    "f1-score": 0.7457627118644068,
    "support": 22.0
  },
  "accuracy": 0.6923076923076923,
  "macro avg": {
    "precision": 0.8007623007623007,
    "recall": 0.6969696969696969,
    "f1-score": 0.6020154666025564,
    "support": 65.0
  },
  "weighted avg": {
    "precision": 0.80065568527107,
    "recall": 0.6923076923076923,
    "f1-score": 0.5975292888383404,
    "support": 65.0
  }
}