{
  "0": {
    "precision": 0.8076923076923077,
    "recall": 1.0,
    "f1-score": 0.8936170212765957,
    "support": 21.0
  },
  "1": {
    "precision": 0.7894736842105263,
    "recall": 0.6818181818181818,
    "f1-score": 0.7317073170731707,
    "support": 22.0
  },
  "2": {
    "precision": 0.9,
    "recall": 0.8181818181818182,
    "f1-score": 0.8571428571428571,
    "support": 22.0
  },
  "accuracy": 0.8307692307692308,
  "macro avg": {
    "precision": 0.8323886639676114,
    "recall": 0.8333333333333334,
    "f1-score": 0.8274890651642078,
    "support": 65.0
  },
  "weighted avg": {
    "precision": 0.8327686079103083,
    "recall": 0.8307692307692308,
    "f1-score": 0.8264717119932481,
    "support": 65.0
  }
}