epoch,train_loss,val_loss,val_acc,val_f1_macro,val_f1_weighted,val_balanced_acc,val_recall_0,val_recall_1,val_recall_2
1,0.7670086659491062,0.6920963914498038,0.782608695652174,0.7833710407239819,0.7839858351367305,0.7797619047619048,0.875,0.75,0.7142857142857143
2,0.6522816270589828,0.7094650786855946,0.6521739130434783,0.625,0.6231884057971014,0.6607142857142857,0.875,0.25,0.8571428571428571
