{
  "0": {
    "precision": 0.84,
    "recall": 1.0,
    "f1-score": 0.9130434782608695,
    "support": 21.0
  },
  "1": {
    "precision": 0.6666666666666666,
    "recall": 0.7272727272727273,
    "f1-score": 0.6956521739130435,
    "support": 22.0
  },
  "2": {
    "precision": 0.875,
    "recall": 0.6363636363636364,
    "f1-score": 0.7368421052631579,
    "support": 22.0
  },
  "accuracy": 0.7846153846153846,
  "macro avg": {
    "precision": 0.793888888888889,
    "recall": 0.787878787878788,
    "f1-score": 0.7818459191456903,
    "support": 65.0
  },
  "weighted avg": {
    "precision": 0.7931794871794872,
    "recall": 0.7846153846153846,
    "f1-score": 0.7798274951593029,
    "support": 65.0
  }
}