epoch,train_loss,val_loss,val_acc,val_balanced_acc,val_f1_macro,val_f1_weighted,val_recall_0,val_recall_1,val_recall_2
1,0.5776658691465855,0.6153399231641189,0.6956521739130435,0.6845238095238094,0.6840111642743221,0.6900353650925733,0.875,0.75,0.42857142857142855
2,0.588016327470541,0.621246346960897,0.6521739130434783,0.6428571428571429,0.6435185185185185,0.6497584541062802,0.875,0.625,0.42857142857142855
