{
  "0": {
    "precision": 0.875,
    "recall": 1.0,
    "f1-score": 0.9333333333333333,
    "support": 21.0
  },
  "1": {
    "precision": 0.7647058823529411,
    "recall": 0.5909090909090909,
    "f1-score": 0.6666666666666666,
    "support": 22.0
  },
  "2": {
    "precision": 0.75,
    "recall": 0.8181818181818182,
    "f1-score": 0.782608695652174,
    "support": 22.0
  },
  "accuracy": 0.8,
  "macro avg": {
    "precision": 0.7965686274509803,
    "recall": 0.8030303030303031,
    "f1-score": 0.7942028985507247,
    "support": 65.0
  },
  "weighted avg": {
    "precision": 0.7953619909502262,
    "recall": 0.8,
    "f1-score": 0.7920624303232999,
    "support": 65.0
  }
}