{
  "0": {
    "precision": 0.8076923076923077,
    "recall": 1.0,
    "f1-score": 0.8936170212765957,
    "support": 21.0
  },
  "1": {
    "precision": 0.6923076923076923,
    "recall": 0.4090909090909091,
    "f1-score": 0.5142857142857142,
    "support": 22.0
  },
  "2": {
    "precision": 0.6923076923076923,
    "recall": 0.8181818181818182,
    "f1-score": 0.75,
    "support": 22.0
  },
  "accuracy": 0.7384615384615385,
  "macro avg": {
    "precision": 0.7307692307692308,
    "recall": 0.7424242424242425,
    "f1-score": 0.7193009118541033,
    "support": 65.0
  },
  "weighted avg": {
    "precision": 0.729585798816568,
    "recall": 0.7384615384615385,
    "f1-score": 0.7166191255552957,
    "support": 65.0
  }
}