epoch,train_loss,val_loss,val_acc,val_f1_macro,val_f1_weighted,val_balanced_acc,val_recall_0,val_recall_1,val_recall_2
1,0.7136351689696312,0.7352408766746521,0.6521739130434783,0.625,0.6231884057971014,0.6607142857142857,0.875,0.25,0.8571428571428571
2,0.6136153675615788,0.7698840809905011,0.6956521739130435,0.6584928229665072,0.6550863324318703,0.7083333333333334,0.875,0.25,1.0
