epoch,train_loss,val_loss,val_acc,val_balanced_acc,val_f1_macro,val_f1_weighted,val_recall_0,val_recall_1,val_recall_2
1,0.5909942053258419,0.7618667716565339,0.6521739130434783,0.6666666666666666,0.5296296296296296,0.5222222222222221,1.0,0.0,1.0
2,0.5505873113870621,0.7423970984375995,0.6521739130434783,0.6666666666666666,0.5296296296296296,0.5222222222222221,1.0,0.0,1.0
3,0.4595695063471794,0.7047626272491787,0.6521739130434783,0.6666666666666666,0.5296296296296296,0.5222222222222221,1.0,0.0,1.0
4,0.48995632119476795,0.6601689509723497,0.6521739130434783,0.6666666666666666,0.5296296296296296,0.5222222222222221,1.0,0.0,1.0
5,0.4810699634253979,0.6591094602709231,0.6521739130434783,0.6666666666666666,0.5296296296296296,0.5222222222222221,1.0,0.0,1.0
6,0.3944822698831558,0.6532625478246937,0.6956521739130435,0.7083333333333334,0.6211328976034858,0.6177038931514633,1.0,0.125,1.0
7,0.4179721921682358,0.6344921303832013,0.7391304347826086,0.75,0.6926728586171311,0.690752456589043,1.0,0.25,1.0
8,0.40592265129089355,0.6472641592440398,0.7391304347826086,0.75,0.6926728586171311,0.690752456589043,1.0,0.25,1.0
