epoch,train_loss,val_loss,val_acc,val_balanced_acc,val_f1_macro,val_f1_weighted,val_recall_0,val_recall_1,val_recall_2
1,0.6169040761888027,0.6264235506887021,0.6956521739130435,0.6845238095238094,0.6840111642743221,0.6900353650925733,0.875,0.75,0.42857142857142855
2,0.5328762121498585,0.636522985023001,0.6956521739130435,0.6904761904761904,0.6928733031674209,0.6962423765492821,0.875,0.625,0.5714285714285714
