{
  "0": {
    "precision": 0.9523809523809523,
    "recall": 0.9090909090909091,
    "f1-score": 0.9302325581395349,
    "support": 22.0
  },
  "1": {
    "precision": 0.7083333333333334,
    "recall": 0.7727272727272727,
    "f1-score": 0.7391304347826086,
    "support": 22.0
  },
  "2": {
    "precision": 0.75,
    "recall": 0.7142857142857143,
    "f1-score": 0.7317073170731707,
    "support": 21.0
  },
  "accuracy": 0.8,
  "macro avg": {
    "precision": 0.8035714285714285,
    "recall": 0.7987012987012987,
    "f1-score": 0.8003567699984382,
    "support": 65.0
  },
  "weighted avg": {
    "precision": 0.8043956043956044,
    "recall": 0.8,
    "f1-score": 0.8014129154280576,
    "support": 65.0
  }
}