{
  "0": {
    "precision": 0.8076923076923077,
    "recall": 1.0,
    "f1-score": 0.8936170212765957,
    "support": 21.0
  },
  "1": {
    "precision": 0.4722222222222222,
    "recall": 0.7727272727272727,
    "f1-score": 0.5862068965517241,
    "support": 22.0
  },
  "2": {
    "precision": 1.0,
    "recall": 0.13636363636363635,
    "f1-score": 0.24,
    "support": 22.0
  },
  "accuracy": 0.6307692307692307,
  "macro avg": {
    "precision": 0.75997150997151,
    "recall": 0.6363636363636364,
    "f1-score": 0.5732746392761066,
    "support": 65.0
  },
  "weighted avg": {
    "precision": 0.7592373438527285,
    "recall": 0.6307692307692307,
    "f1-score": 0.5683462949376376,
    "support": 65.0
  }
}