epoch,train_loss,val_loss,val_acc,val_f1_macro,val_f1_weighted,val_balanced_acc,val_recall_0,val_recall_1,val_recall_2
1,0.7774613238871098,0.6734327129695726,0.6086956521739131,0.4945652173913044,0.5160680529300568,0.5833333333333334,0.875,0.875,0.0
2,0.662777952849865,0.6894273550614066,0.6956521739130435,0.6916666666666665,0.6927536231884057,0.6964285714285715,0.875,0.5,0.7142857142857143
