epoch,train_loss,val_loss,val_acc,val_balanced_acc,val_f1_macro,val_f1_weighted,val_recall_0,val_recall_1,val_recall_2
1,0.614337619394064,0.7752757305684297,0.6521739130434783,0.6666666666666666,0.5296296296296296,0.5222222222222221,1.0,0.0,1.0
2,0.5679587870836258,0.7531521657238835,0.6521739130434783,0.6666666666666666,0.5296296296296296,0.5222222222222221,1.0,0.0,1.0
3,0.47570088505744934,0.7144278184227322,0.6521739130434783,0.6666666666666666,0.5296296296296296,0.5222222222222221,1.0,0.0,1.0
4,0.5004513598978519,0.6686322352160579,0.6521739130434783,0.6666666666666666,0.5296296296296296,0.5222222222222221,1.0,0.0,1.0
5,0.4905608408153057,0.6660286214040674,0.7391304347826086,0.75,0.6926728586171311,0.690752456589043,1.0,0.25,1.0
6,0.4042983651161194,0.659514201724011,0.7391304347826086,0.75,0.6926728586171311,0.690752456589043,1.0,0.25,1.0
7,0.4287946969270706,0.6431988374046658,0.7391304347826086,0.75,0.6926728586171311,0.690752456589043,1.0,0.25,1.0
8,0.41791296005249023,0.6587067868398584,0.7391304347826086,0.75,0.6926728586171311,0.690752456589043,1.0,0.25,1.0
