{
  "0": {
    "precision": 0.8695652173913043,
    "recall": 0.9090909090909091,
    "f1-score": 0.8888888888888888,
    "support": 22.0
  },
  "1": {
    "precision": 0.47368421052631576,
    "recall": 0.8181818181818182,
    "f1-score": 0.6,
    "support": 22.0
  },
  "2": {
    "precision": 0.5,
    "recall": 0.09523809523809523,
    "f1-score": 0.16,
    "support": 21.0
  },
  "accuracy": 0.6153846153846154,
  "macro avg": {
    "precision": 0.61441647597254,
    "recall": 0.6075036075036074,
    "f1-score": 0.5496296296296296,
    "support": 65.0
  },
  "weighted avg": {
    "precision": 0.6161767294490407,
    "recall": 0.6153846153846154,
    "f1-score": 0.5556239316239315,
    "support": 65.0
  }
}