epoch,train_loss,val_loss,val_acc,val_f1_macro,val_f1_weighted,val_balanced_acc,val_recall_0,val_recall_1,val_recall_2
1,1.0015485808253288,0.9025736580724302,0.5652173913043478,0.5545454545454546,0.5438735177865613,0.5773809523809524,0.8571428571428571,0.625,0.25
2,0.9740443676710129,0.9043378415315048,0.5652173913043478,0.5663865546218487,0.5562294483010596,0.5773809523809524,0.8571428571428571,0.5,0.375
