epoch,train_loss,val_loss,val_acc,val_balanced_acc,val_f1_macro,val_f1_weighted,val_recall_0,val_recall_1,val_recall_2
1,0.5263307951390743,0.7920373807782712,0.8260869565217391,0.8333333333333334,0.8104575163398694,0.8098891730605287,1.0,0.5,1.0
2,0.5294518359005451,0.80106803904409,0.7391304347826086,0.75,0.6926728586171311,0.690752456589043,1.0,0.25,1.0
