epoch,train_loss,val_loss,val_acc,val_balanced_acc,val_f1_macro,val_f1_weighted,val_recall_0,val_recall_1,val_recall_2
1,0.6524917334318161,0.7656386883362479,0.7391304347826086,0.75,0.6888888888888888,0.6850241545893719,1.0,0.25,1.0
2,0.5477129146456718,0.6670433542002803,0.8260869565217391,0.8333333333333334,0.8104575163398694,0.8098891730605287,1.0,0.5,1.0
3,0.4569971039891243,0.6267297993535581,0.8260869565217391,0.8273809523809524,0.8184873949579833,0.8192911947387651,1.0,0.625,0.8571428571428571
4,0.42496073618531227,0.6063996605251146,0.8260869565217391,0.8273809523809524,0.8184873949579833,0.8192911947387651,1.0,0.625,0.8571428571428571
5,0.4002905711531639,0.6278170632279437,0.8260869565217391,0.8273809523809524,0.8184873949579833,0.8192911947387651,1.0,0.625,0.8571428571428571
