{
  "0": {
    "precision": 0.9090909090909091,
    "recall": 0.9523809523809523,
    "f1-score": 0.9302325581395349,
    "support": 21.0
  },
  "1": {
    "precision": 0.875,
    "recall": 0.6363636363636364,
    "f1-score": 0.7368421052631579,
    "support": 22.0
  },
  "2": {
    "precision": 0.7777777777777778,
    "recall": 0.9545454545454546,
    "f1-score": 0.8571428571428571,
    "support": 22.0
  },
  "accuracy": 0.8461538461538461,
  "macro avg": {
    "precision": 0.8539562289562289,
    "recall": 0.8477633477633478,
    "f1-score": 0.8414058401818499,
    "support": 65.0
  },
  "weighted avg": {
    "precision": 0.8531080031080032,
    "recall": 0.8461538461538461,
    "f1-score": 0.8400392752901933,
    "support": 65.0
  }
}