epoch,train_loss,val_loss,val_acc,val_f1_macro,val_f1_weighted,val_balanced_acc,val_recall_0,val_recall_1,val_recall_2
1,0.6484696380794048,0.6190366356269174,0.8260869565217391,0.8101851851851851,0.8164251207729469,0.8154761904761904,1.0,0.5714285714285714,0.875
2,0.6612074598670006,0.6204935286356055,0.7391304347826086,0.7392533936651584,0.7442209325201653,0.7380952380952381,0.875,0.7142857142857143,0.625
