{
  "0": {
    "precision": 0.84,
    "recall": 1.0,
    "f1-score": 0.9130434782608695,
    "support": 21.0
  },
  "1": {
    "precision": 0.8333333333333334,
    "recall": 0.6818181818181818,
    "f1-score": 0.75,
    "support": 22.0
  },
  "2": {
    "precision": 0.8636363636363636,
    "recall": 0.8636363636363636,
    "f1-score": 0.8636363636363636,
    "support": 22.0
  },
  "accuracy": 0.8461538461538461,
  "macro avg": {
    "precision": 0.8456565656565657,
    "recall": 0.8484848484848485,
    "f1-score": 0.8422266139657445,
    "support": 65.0
  },
  "weighted avg": {
    "precision": 0.8457435897435898,
    "recall": 0.8461538461538461,
    "f1-score": 0.8411371237458194,
    "support": 65.0
  }
}