{
  "0": {
    "precision": 0.84,
    "recall": 1.0,
    "f1-score": 0.9130434782608695,
    "support": 21.0
  },
  "1": {
    "precision": 0.5,
    "recall": 0.7727272727272727,
    "f1-score": 0.6071428571428571,
    "support": 22.0
  },
  "2": {
    "precision": 0.8333333333333334,
    "recall": 0.22727272727272727,
    "f1-score": 0.35714285714285715,
    "support": 22.0
  },
  "accuracy": 0.6615384615384615,
  "macro avg": {
    "precision": 0.7244444444444444,
    "recall": 0.6666666666666666,
    "f1-score": 0.6257763975155279,
    "support": 65.0
  },
  "weighted avg": {
    "precision": 0.7226666666666667,
    "recall": 0.6615384615384615,
    "f1-score": 0.6213569039655996,
    "support": 65.0
  }
}