epoch,train_loss,val_loss,val_acc,val_balanced_acc,val_f1_macro,val_f1_weighted,val_recall_0,val_recall_1,val_recall_2
1,0.935697615146637,0.7292213232620902,0.782608695652174,0.7857142857142857,0.7680911680911681,0.7667038275733928,1.0,0.5,0.8571428571428571
2,0.6711916476488113,0.7257614835448887,0.8260869565217391,0.8333333333333334,0.8101851851851851,0.807367149758454,1.0,0.5,1.0
3,0.6205857023596764,0.7117730508679929,0.8260869565217391,0.8333333333333334,0.8101851851851851,0.807367149758454,1.0,0.5,1.0
4,0.5103066563606262,0.6834098256152609,0.8260869565217391,0.8333333333333334,0.8101851851851851,0.807367149758454,1.0,0.5,1.0
5,0.5150159448385239,0.6677546708480172,0.8260869565217391,0.8333333333333334,0.8101851851851851,0.807367149758454,1.0,0.5,1.0
6,0.4767999239265919,0.6771303778109343,0.8260869565217391,0.8333333333333334,0.8101851851851851,0.807367149758454,1.0,0.5,1.0
