epoch,train_loss,val_loss,val_acc,val_balanced_acc,val_f1_macro,val_f1_weighted,val_recall_0,val_recall_1,val_recall_2
1,0.6373960897326469,0.6370151846305184,0.6086956521739131,0.5833333333333334,0.48677248677248675,0.5079365079365079,1.0,0.75,0.0
2,0.6431146264076233,0.6405730092007181,0.6956521739130435,0.6785714285714285,0.6549707602339181,0.6641240783117213,1.0,0.75,0.2857142857142857
