{
  "0": {
    "precision": 0.84,
    "recall": 1.0,
    "f1-score": 0.9130434782608695,
    "support": 21.0
  },
  "1": {
    "precision": 0.7777777777777778,
    "recall": 0.6363636363636364,
    "f1-score": 0.7,
    "support": 22.0
  },
  "2": {
    "precision": 0.8181818181818182,
    "recall": 0.8181818181818182,
    "f1-score": 0.8181818181818182,
    "support": 22.0
  },
  "accuracy": 0.8153846153846154,
  "macro avg": {
    "precision": 0.8119865319865319,
    "recall": 0.8181818181818182,
    "f1-score": 0.8104084321475625,
    "support": 65.0
  },
  "weighted avg": {
    "precision": 0.8115555555555556,
    "recall": 0.8153846153846154,
    "f1-score": 0.808829431438127,
    "support": 65.0
  }
}