epoch,train_loss,val_loss,val_acc,val_balanced_acc,val_f1_macro,val_f1_weighted,val_recall_0,val_recall_1,val_recall_2
1,0.599006112664938,0.8318153049634851,0.7391304347826086,0.75,0.7175925925925926,0.714975845410628,0.875,0.375,1.0
2,0.46845000982284546,0.6840769907702571,0.8260869565217391,0.8273809523809524,0.8184873949579833,0.8192911947387651,1.0,0.625,0.8571428571428571
3,0.3828837126493454,0.6904093493586001,0.782608695652174,0.7857142857142857,0.7805555555555556,0.7797101449275362,0.875,0.625,0.8571428571428571
