{
  "0": {
    "precision": 0.875,
    "recall": 1.0,
    "f1-score": 0.9333333333333333,
    "support": 21.0
  },
  "1": {
    "precision": 0.4634146341463415,
    "recall": 0.8636363636363636,
    "f1-score": 0.6031746031746031,
    "support": 22.0
  },
  "2": {
    "precision": 0.0,
    "recall": 0.0,
    "f1-score": 0.0,
    "support": 22.0
  },
  "accuracy": 0.6153846153846154,
  "macro avg": {
    "precision": 0.4461382113821138,
    "recall": 0.6212121212121212,
    "f1-score": 0.5121693121693122,
    "support": 65.0
  },
  "weighted avg": {
    "precision": 0.43954033771106943,
    "recall": 0.6153846153846154,
    "f1-score": 0.5056898656898657,
    "support": 65.0
  }
}