epoch,train_loss,val_loss,val_acc,val_balanced_acc,val_f1_macro,val_f1_weighted,val_recall_0,val_recall_1,val_recall_2
1,0.7509380392730236,0.6917316006577533,0.6086956521739131,0.5833333333333334,0.48677248677248675,0.5079365079365079,1.0,0.75,0.0
2,0.6959639340639114,0.6940298210019651,0.6086956521739131,0.5833333333333334,0.48677248677248675,0.5079365079365079,1.0,0.75,0.0
