{
  "0": {
    "precision": 0.875,
    "recall": 1.0,
    "f1-score": 0.9333333333333333,
    "support": 21.0
  },
  "1": {
    "precision": 0.7619047619047619,
    "recall": 0.7272727272727273,
    "f1-score": 0.7441860465116279,
    "support": 22.0
  },
  "2": {
    "precision": 0.85,
    "recall": 0.7727272727272727,
    "f1-score": 0.8095238095238095,
    "support": 22.0
  },
  "accuracy": 0.8307692307692308,
  "macro avg": {
    "precision": 0.828968253968254,
    "recall": 0.8333333333333334,
    "f1-score": 0.829014396456257,
    "support": 65.0
  },
  "weighted avg": {
    "precision": 0.8282600732600732,
    "recall": 0.8307692307692308,
    "f1-score": 0.8274094897350712,
    "support": 65.0
  }
}