epoch,train_loss,val_loss,val_acc,val_balanced_acc,val_f1_macro,val_f1_weighted,val_recall_0,val_recall_1,val_recall_2
1,0.6595153287053108,0.6292089599630107,0.7391304347826086,0.7321428571428571,0.7271870286576169,0.7320480031477474,1.0,0.625,0.5714285714285714
2,0.5373757034540176,0.6750978412835494,0.782608695652174,0.7916666666666666,0.7548029312735195,0.7538040249037692,1.0,0.375,1.0
