{
  "0": {
    "precision": 0.875,
    "recall": 1.0,
    "f1-score": 0.9333333333333333,
    "support": 21.0
  },
  "1": {
    "precision": 0.7083333333333334,
    "recall": 0.7727272727272727,
    "f1-score": 0.7391304347826086,
    "support": 22.0
  },
  "2": {
    "precision": 0.8823529411764706,
    "recall": 0.6818181818181818,
    "f1-score": 0.7692307692307693,
    "support": 22.0
  },
  "accuracy": 0.8153846153846154,
  "macro avg": {
    "precision": 0.8218954248366014,
    "recall": 0.8181818181818182,
    "f1-score": 0.8138981791155704,
    "support": 65.0
  },
  "weighted avg": {
    "precision": 0.8210784313725491,
    "recall": 0.8153846153846154,
    "f1-score": 0.8120607152045279,
    "support": 65.0
  }
}