epoch,train_loss,val_loss,val_acc,val_balanced_acc,val_f1_macro,val_f1_weighted,val_recall_0,val_recall_1,val_recall_2
1,0.5855951756238937,0.7091093089269556,0.5652173913043478,0.5535714285714285,0.543870073281838,0.5517063215272934,0.875,0.5,0.2857142857142857
2,0.5605549290776253,0.7661142945289612,0.6521739130434783,0.6666666666666666,0.5867905056759546,0.5802665230852067,0.875,0.125,1.0
