epoch,train_loss,val_loss,val_acc,val_balanced_acc,val_f1_macro,val_f1_weighted,val_recall_0,val_recall_1,val_recall_2
1,0.7174996137619019,0.7576724187187527,0.7391304347826086,0.75,0.7156862745098039,0.7109974424552429,0.875,0.375,1.0
2,0.5425966512411833,0.6950635599053424,0.782608695652174,0.7857142857142857,0.7805555555555556,0.7797101449275362,0.875,0.625,0.8571428571428571
3,0.5561302788555622,0.7107949153236721,0.7391304347826086,0.7440476190476191,0.7321428571428571,0.7313664596273292,0.875,0.5,0.8571428571428571
