{
  "0": {
    "precision": 0.875,
    "recall": 1.0,
    "f1-score": 0.9333333333333333,
    "support": 21.0
  },
  "1": {
    "precision": 0.6333333333333333,
    "recall": 0.8636363636363636,
    "f1-score": 0.7307692307692307,
    "support": 22.0
  },
  "2": {
    "precision": 1.0,
    "recall": 0.5,
    "f1-score": 0.6666666666666666,
    "support": 22.0
  },
  "accuracy": 0.7846153846153846,
  "macro avg": {
    "precision": 0.8361111111111111,
    "recall": 0.787878787878788,
    "f1-score": 0.7769230769230768,
    "support": 65.0
  },
  "weighted avg": {
    "precision": 0.8355128205128206,
    "recall": 0.7846153846153846,
    "f1-score": 0.774516765285996,
    "support": 65.0
  }
}