{
  "0": {
    "precision": 0.84,
    "recall": 1.0,
    "f1-score": 0.9130434782608695,
    "support": 21.0
  },
  "1": {
    "precision": 0.9090909090909091,
    "recall": 0.45454545454545453,
    "f1-score": 0.6060606060606061,
    "support": 22.0
  },
  "2": {
    "precision": 0.7241379310344828,
    "recall": 0.9545454545454546,
    "f1-score": 0.8235294117647058,
    "support": 22.0
  },
  "accuracy": 0.8,
  "macro avg": {
    "precision": 0.8244096133751305,
    "recall": 0.8030303030303031,
    "f1-score": 0.7808778320287271,
    "support": 65.0
  },
  "weighted avg": {
    "precision": 0.8241697612732095,
    "recall": 0.8,
    "f1-score": 0.7788445143943865,
    "support": 65.0
  }
}