epoch,train_loss,val_loss,val_acc,val_balanced_acc,val_f1_macro,val_f1_weighted,val_recall_0,val_recall_1,val_recall_2
1,0.5882293283939362,0.7232613200726716,0.6521739130434783,0.6666666666666666,0.5296296296296296,0.5222222222222221,1.0,0.0,1.0
2,0.5394907593727112,0.702728737955508,0.6521739130434783,0.6666666666666666,0.5296296296296296,0.5222222222222221,1.0,0.0,1.0
3,0.4522204324603081,0.6690502996030061,0.6521739130434783,0.6666666666666666,0.5296296296296296,0.5222222222222221,1.0,0.0,1.0
4,0.46602753549814224,0.6292558519736581,0.7391304347826086,0.75,0.6888888888888888,0.6850241545893719,1.0,0.25,1.0
5,0.45348568819463253,0.6258644202481145,0.7391304347826086,0.75,0.6888888888888888,0.6850241545893719,1.0,0.25,1.0
6,0.37297680228948593,0.6201896848885909,0.7391304347826086,0.75,0.6888888888888888,0.6850241545893719,1.0,0.25,1.0
7,0.4008356798440218,0.6069807721220929,0.7391304347826086,0.75,0.6888888888888888,0.6850241545893719,1.0,0.25,1.0
8,0.39089272171258926,0.6191088013027025,0.782608695652174,0.7916666666666666,0.7548029312735195,0.7538040249037692,1.0,0.375,1.0
