{
  "0": {
    "precision": 0.8,
    "recall": 0.9523809523809523,
    "f1-score": 0.8695652173913043,
    "support": 21.0
  },
  "1": {
    "precision": 0.4358974358974359,
    "recall": 0.7727272727272727,
    "f1-score": 0.5573770491803278,
    "support": 22.0
  },
  "2": {
    "precision": 1.0,
    "recall": 0.045454545454545456,
    "f1-score": 0.08695652173913043,
    "support": 22.0
  },
  "accuracy": 0.5846153846153846,
  "macro avg": {
    "precision": 0.7452991452991453,
    "recall": 0.5901875901875901,
    "f1-score": 0.5046329294369208,
    "support": 65.0
  },
  "weighted avg": {
    "precision": 0.744457593688363,
    "recall": 0.5846153846153846,
    "f1-score": 0.4990185865453149,
    "support": 65.0
  }
}