epoch,train_loss,val_loss,val_acc,val_f1_macro,val_f1_weighted,val_balanced_acc,val_recall_0,val_recall_1,val_recall_2
1,0.8061437234282494,0.6951789000759954,0.5652173913043478,0.47348484848484845,0.49407114624505927,0.5416666666666666,0.875,0.75,0.0
2,0.8064523711800575,0.6981119720832162,0.6086956521739131,0.5562169312169312,0.5707384403036577,0.5892857142857143,0.875,0.75,0.14285714285714285
