epoch,train_loss,val_loss,val_acc,val_balanced_acc,val_f1_macro,val_f1_weighted,val_recall_0,val_recall_1,val_recall_2
1,0.7920582294464111,0.6978831459646639,0.782608695652174,0.7857142857142857,0.7680911680911681,0.7667038275733928,1.0,0.5,0.8571428571428571
2,0.5556436292827129,0.695080992968186,0.8260869565217391,0.8333333333333334,0.8101851851851851,0.807367149758454,1.0,0.5,1.0
3,0.4825568348169327,0.6699672445006992,0.8260869565217391,0.8333333333333334,0.8101851851851851,0.807367149758454,1.0,0.5,1.0
4,0.37269457057118416,0.6441605013349782,0.8260869565217391,0.8273809523809524,0.8184873949579833,0.8192911947387651,1.0,0.625,0.8571428571428571
5,0.35968926921486855,0.6509988074717314,0.8260869565217391,0.8273809523809524,0.8184873949579833,0.8192911947387651,1.0,0.625,0.8571428571428571
