epoch,train_loss,val_loss,val_acc,val_balanced_acc,val_f1_macro,val_f1_weighted,val_recall_0,val_recall_1,val_recall_2
1,0.6026051007211208,0.7537273738695227,0.6521739130434783,0.6666666666666666,0.5296296296296296,0.5222222222222221,1.0,0.0,1.0
2,0.5551430061459541,0.7327712541041167,0.6521739130434783,0.6666666666666666,0.5296296296296296,0.5222222222222221,1.0,0.0,1.0
3,0.4651118591427803,0.696136272471884,0.6521739130434783,0.6666666666666666,0.5296296296296296,0.5222222222222221,1.0,0.0,1.0
4,0.48544540628790855,0.6527858221012613,0.6956521739130435,0.7083333333333334,0.6159844054580897,0.6107297228578694,1.0,0.125,1.0
5,0.4740159623324871,0.6497920414675837,0.6956521739130435,0.7083333333333334,0.6159844054580897,0.6107297228578694,1.0,0.125,1.0
6,0.3897991105914116,0.6435366998548093,0.6956521739130435,0.7083333333333334,0.6159844054580897,0.6107297228578694,1.0,0.125,1.0
7,0.4162594359368086,0.6286538761595021,0.782608695652174,0.7916666666666666,0.7548029312735195,0.7538040249037692,1.0,0.375,1.0
8,0.40598902851343155,0.6425497169079988,0.7391304347826086,0.75,0.6926728586171311,0.690752456589043,1.0,0.25,1.0
