{
  "0": {
    "precision": 1.0,
    "recall": 0.9545454545454546,
    "f1-score": 0.9767441860465116,
    "support": 22.0
  },
  "1": {
    "precision": 0.76,
    "recall": 0.8636363636363636,
    "f1-score": 0.8085106382978723,
    "support": 22.0
  },
  "2": {
    "precision": 0.8421052631578947,
    "recall": 0.7619047619047619,
    "f1-score": 0.8,
    "support": 21.0
  },
  "accuracy": 0.8615384615384616,
  "macro avg": {
    "precision": 0.8673684210526315,
    "recall": 0.86002886002886,
    "f1-score": 0.8617516081147946,
    "support": 65.0
  },
  "weighted avg": {
    "precision": 0.8677570850202428,
    "recall": 0.8615384615384616,
    "f1-score": 0.8627016328550223,
    "support": 65.0
  }
}