{
  "0": {
    "precision": 0.8333333333333334,
    "recall": 0.8333333333333334,
    "f1-score": 0.8333333333333334,
    "support": 6.0
  },
  "1": {
    "precision": 0.7142857142857143,
    "recall": 0.8333333333333334,
    "f1-score": 0.7692307692307693,
    "support": 6.0
  },
  "2": {
    "precision": 1.0,
    "recall": 0.8333333333333334,
    "f1-score": 0.9090909090909091,
    "support": 6.0
  },
  "accuracy": 0.8333333333333334,
  "macro avg": {
    "precision": 0.8492063492063492,
    "recall": 0.8333333333333334,
    "f1-score": 0.8372183372183373,
    "support": 18.0
  },
  "weighted avg": {
    "precision": 0.8492063492063492,
    "recall": 0.8333333333333334,
    "f1-score": 0.8372183372183373,
    "support": 18.0
  }
}