{
  "0": {
    "precision": 0.84,
    "recall": 1.0,
    "f1-score": 0.9130434782608695,
    "support": 21.0
  },
  "1": {
    "precision": 0.75,
    "recall": 0.6818181818181818,
    "f1-score": 0.7142857142857143,
    "support": 22.0
  },
  "2": {
    "precision": 0.85,
    "recall": 0.7727272727272727,
    "f1-score": 0.8095238095238095,
    "support": 22.0
  },
  "accuracy": 0.8153846153846154,
  "macro avg": {
    "precision": 0.8133333333333334,
    "recall": 0.818181818181818,
    "f1-score": 0.8122843340234644,
    "support": 65.0
  },
  "weighted avg": {
    "precision": 0.812923076923077,
    "recall": 0.8153846153846154,
    "f1-score": 0.810734193342889,
    "support": 65.0
  }
}