epoch,train_loss,val_loss,val_acc,val_balanced_acc,val_f1_macro,val_f1_weighted,val_recall_0,val_recall_1,val_recall_2
1,0.6412598639726639,0.6747142180152561,0.782608695652174,0.7857142857142857,0.7680911680911681,0.7667038275733928,1.0,0.5,0.8571428571428571
2,0.5751116909086704,0.680631134821021,0.782608695652174,0.7916666666666666,0.7526242820360466,0.7495414503087138,1.0,0.375,1.0
