{
  "0": {
    "precision": 0.875,
    "recall": 1.0,
    "f1-score": 0.9333333333333333,
    "support": 21.0
  },
  "1": {
    "precision": 0.7272727272727273,
    "recall": 0.36363636363636365,
    "f1-score": 0.48484848484848486,
    "support": 22.0
  },
  "2": {
    "precision": 0.6333333333333333,
    "recall": 0.8636363636363636,
    "f1-score": 0.7307692307692307,
    "support": 22.0
  },
  "accuracy": 0.7384615384615385,
  "macro avg": {
    "precision": 0.7452020202020201,
    "recall": 0.7424242424242425,
    "f1-score": 0.7163170163170163,
    "support": 65.0
  },
  "weighted avg": {
    "precision": 0.7432051282051283,
    "recall": 0.7384615384615385,
    "f1-score": 0.7129783037475346,
    "support": 65.0
  }
}