{
  "0": {
    "precision": 0.84,
    "recall": 1.0,
    "f1-score": 0.9130434782608695,
    "support": 21.0
  },
  "1": {
    "precision": 0.7272727272727273,
    "recall": 0.7272727272727273,
    "f1-score": 0.7272727272727273,
    "support": 22.0
  },
  "2": {
    "precision": 0.8888888888888888,
    "recall": 0.7272727272727273,
    "f1-score": 0.8,
    "support": 22.0
  },
  "accuracy": 0.8153846153846154,
  "macro avg": {
    "precision": 0.8187205387205387,
    "recall": 0.8181818181818182,
    "f1-score": 0.8134387351778655,
    "support": 65.0
  },
  "weighted avg": {
    "precision": 0.8183931623931624,
    "recall": 0.8153846153846154,
    "f1-score": 0.8119063545150501,
    "support": 65.0
  }
}