{
  "0": {
    "precision": 0.8695652173913043,
    "recall": 0.9523809523809523,
    "f1-score": 0.9090909090909091,
    "support": 21.0
  },
  "1": {
    "precision": 0.7142857142857143,
    "recall": 0.6818181818181818,
    "f1-score": 0.6976744186046512,
    "support": 22.0
  },
  "2": {
    "precision": 0.8095238095238095,
    "recall": 0.7727272727272727,
    "f1-score": 0.7906976744186046,
    "support": 22.0
  },
  "accuracy": 0.8,
  "macro avg": {
    "precision": 0.7977915804002761,
    "recall": 0.8023088023088022,
    "f1-score": 0.799154334038055,
    "support": 65.0
  },
  "weighted avg": {
    "precision": 0.7966873706004141,
    "recall": 0.8,
    "f1-score": 0.797463002114165,
    "support": 65.0
  }
}