{
  "0": {
    "precision": 0.84,
    "recall": 1.0,
    "f1-score": 0.9130434782608695,
    "support": 21.0
  },
  "1": {
    "precision": 0.7222222222222222,
    "recall": 0.5909090909090909,
    "f1-score": 0.65,
    "support": 22.0
  },
  "2": {
    "precision": 0.7727272727272727,
    "recall": 0.7727272727272727,
    "f1-score": 0.7727272727272727,
    "support": 22.0
  },
  "accuracy": 0.7846153846153846,
  "macro avg": {
    "precision": 0.7783164983164982,
    "recall": 0.7878787878787877,
    "f1-score": 0.7785902503293807,
    "support": 65.0
  },
  "weighted avg": {
    "precision": 0.7773675213675213,
    "recall": 0.7846153846153846,
    "f1-score": 0.7765217391304348,
    "support": 65.0
  }
}