epoch,train_loss,val_loss,val_acc,val_balanced_acc,val_f1_macro,val_f1_weighted,val_recall_0,val_recall_1,val_recall_2
1,0.6846370585262775,0.7071350190950476,0.782608695652174,0.7797619047619048,0.7749287749287749,0.7751765143069491,1.0,0.625,0.7142857142857143
2,0.6871480122208595,0.705785642499509,0.8260869565217391,0.8273809523809524,0.8201058201058201,0.8184955141476881,1.0,0.625,0.8571428571428571
3,0.7309572696685791,0.708214194878288,0.782608695652174,0.7916666666666666,0.7526242820360466,0.7495414503087138,1.0,0.375,1.0
