{
  "0": {
    "precision": 0.84,
    "recall": 1.0,
    "f1-score": 0.9130434782608695,
    "support": 21.0
  },
  "1": {
    "precision": 0.6956521739130435,
    "recall": 0.7272727272727273,
    "f1-score": 0.7111111111111111,
    "support": 22.0
  },
  "2": {
    "precision": 0.8823529411764706,
    "recall": 0.6818181818181818,
    "f1-score": 0.7692307692307693,
    "support": 22.0
  },
  "accuracy": 0.8,
  "macro avg": {
    "precision": 0.8060017050298379,
    "recall": 0.8030303030303031,
    "f1-score": 0.79779511953425,
    "support": 65.0
  },
  "weighted avg": {
    "precision": 0.8054786543379893,
    "recall": 0.8,
    "f1-score": 0.7960220678615327,
    "support": 65.0
  }
}