epoch,train_loss,val_loss,val_acc,val_balanced_acc,val_f1_macro,val_f1_weighted,val_recall_0,val_recall_1,val_recall_2
1,0.9650157764554024,0.7684916983480039,0.782608695652174,0.7857142857142857,0.7680911680911681,0.7667038275733928,1.0,0.5,0.8571428571428571
2,0.7760827243328094,0.7654829984125884,0.782608695652174,0.7857142857142857,0.7680911680911681,0.7667038275733928,1.0,0.5,0.8571428571428571
3,0.7801219820976257,0.7625460702440013,0.782608695652174,0.7857142857142857,0.7680911680911681,0.7667038275733928,1.0,0.5,0.8571428571428571
4,0.7055546417832375,0.75658910429996,0.8260869565217391,0.8333333333333334,0.8101851851851851,0.807367149758454,1.0,0.5,1.0
5,0.7728300392627716,0.7519382290218187,0.8260869565217391,0.8333333333333334,0.8101851851851851,0.807367149758454,1.0,0.5,1.0
6,0.7528709918260574,0.7528581826583199,0.8260869565217391,0.8333333333333334,0.8101851851851851,0.807367149758454,1.0,0.5,1.0
