{
  "0": {
    "precision": 0.8076923076923077,
    "recall": 1.0,
    "f1-score": 0.8936170212765957,
    "support": 21.0
  },
  "1": {
    "precision": 0.5151515151515151,
    "recall": 0.7727272727272727,
    "f1-score": 0.6181818181818182,
    "support": 22.0
  },
  "2": {
    "precision": 1.0,
    "recall": 0.2727272727272727,
    "f1-score": 0.42857142857142855,
    "support": 22.0
  },
  "accuracy": 0.676923076923077,
  "macro avg": {
    "precision": 0.7742812742812744,
    "recall": 0.6818181818181818,
    "f1-score": 0.6467900893432809,
    "support": 65.0
  },
  "weighted avg": {
    "precision": 0.773767258382643,
    "recall": 0.676923076923077,
    "f1-score": 0.6429927519289221,
    "support": 65.0
  }
}