epoch,train_loss,val_loss,val_acc,val_f1_macro,val_f1_weighted,val_balanced_acc,val_recall_0,val_recall_1,val_recall_2
1,0.773706704378128,0.6915991591370624,0.6521739130434783,0.625,0.6347826086956523,0.6369047619047619,0.875,0.75,0.2857142857142857
2,0.6939147710800171,0.6985397831253384,0.6956521739130435,0.6928733031674209,0.6962423765492821,0.6904761904761904,0.875,0.625,0.5714285714285714
