epoch,train_loss,val_loss,val_acc,val_balanced_acc,val_f1_macro,val_f1_weighted,val_recall_0,val_recall_1,val_recall_2
1,0.6490414813160896,0.644981148450271,0.8260869565217391,0.8333333333333334,0.8101851851851851,0.807367149758454,1.0,0.5,1.0
2,0.6072079539299011,0.7111224661702695,0.7391304347826086,0.75,0.6888888888888888,0.6850241545893719,1.0,0.25,1.0
