{
  "0": {
    "precision": 0.8076923076923077,
    "recall": 1.0,
    "f1-score": 0.8936170212765957,
    "support": 21.0
  },
  "1": {
    "precision": 0.8,
    "recall": 0.7272727272727273,
    "f1-score": 0.7619047619047619,
    "support": 22.0
  },
  "2": {
    "precision": 0.9473684210526315,
    "recall": 0.8181818181818182,
    "f1-score": 0.8780487804878049,
    "support": 22.0
  },
  "accuracy": 0.8461538461538461,
  "macro avg": {
    "precision": 0.8516869095816464,
    "recall": 0.8484848484848485,
    "f1-score": 0.8445235212230542,
    "support": 65.0
  },
  "weighted avg": {
    "precision": 0.8523637496107132,
    "recall": 0.8461538461538461,
    "f1-score": 0.8437682366068457,
    "support": 65.0
  }
}