{
  "0": {
    "precision": 0.875,
    "recall": 1.0,
    "f1-score": 0.9333333333333333,
    "support": 21.0
  },
  "1": {
    "precision": 0.5666666666666667,
    "recall": 0.7727272727272727,
    "f1-score": 0.6538461538461539,
    "support": 22.0
  },
  "2": {
    "precision": 0.8181818181818182,
    "recall": 0.4090909090909091,
    "f1-score": 0.5454545454545454,
    "support": 22.0
  },
  "accuracy": 0.7230769230769231,
  "macro avg": {
    "precision": 0.7532828282828282,
    "recall": 0.7272727272727272,
    "f1-score": 0.710878010878011,
    "support": 65.0
  },
  "weighted avg": {
    "precision": 0.7514102564102565,
    "recall": 0.7230769230769231,
    "f1-score": 0.7074556213017752,
    "support": 65.0
  }
}