epoch,train_loss,val_loss,val_acc,val_balanced_acc,val_f1_macro,val_f1_weighted,val_recall_0,val_recall_1,val_recall_2
1,0.6927054300904274,0.7194976754810499,0.6086956521739131,0.5952380952380952,0.5743711626064568,0.5835335451703738,1.0,0.5,0.2857142857142857
2,0.7663013339042664,0.7230053362639054,0.6086956521739131,0.6011904761904762,0.5834757834757834,0.5887774061687104,1.0,0.375,0.42857142857142855
