epoch,train_loss,val_loss,val_acc,val_balanced_acc,val_f1_macro,val_f1_weighted,val_recall_0,val_recall_1,val_recall_2
1,0.8936907351016998,0.7279079763785653,0.6521739130434783,0.6309523809523809,0.5796296296296296,0.5939613526570049,1.0,0.75,0.14285714285714285
2,0.7501451745629311,0.7344390050224636,0.6956521739130435,0.6964285714285715,0.6723646723646723,0.6726124117428466,1.0,0.375,0.7142857142857143
