{
  "0": {
    "precision": 0.9130434782608695,
    "recall": 1.0,
    "f1-score": 0.9545454545454546,
    "support": 21.0
  },
  "1": {
    "precision": 0.7083333333333334,
    "recall": 0.7727272727272727,
    "f1-score": 0.7391304347826086,
    "support": 22.0
  },
  "2": {
    "precision": 0.8333333333333334,
    "recall": 0.6818181818181818,
    "f1-score": 0.75,
    "support": 22.0
  },
  "accuracy": 0.8153846153846154,
  "macro avg": {
    "precision": 0.8182367149758454,
    "recall": 0.8181818181818182,
    "f1-score": 0.8145586297760211,
    "support": 65.0
  },
  "weighted avg": {
    "precision": 0.8167781493868451,
    "recall": 0.8153846153846154,
    "f1-score": 0.8124049863180298,
    "support": 65.0
  }
}