epoch,train_loss,val_loss,val_acc,val_balanced_acc,val_f1_macro,val_f1_weighted,val_recall_0,val_recall_1,val_recall_2
1,0.735559731721878,0.7161685124687527,0.6956521739130435,0.6904761904761904,0.6928104575163397,0.6939471440750212,0.875,0.625,0.5714285714285714
2,0.6846734546124935,0.7156512231930442,0.6521739130434783,0.6488095238095238,0.6463046757164405,0.6476490261656502,0.875,0.5,0.5714285714285714
3,0.7775429412722588,0.7190956395605336,0.6521739130434783,0.6488095238095238,0.6463046757164405,0.6476490261656502,0.875,0.5,0.5714285714285714
