epoch,train_loss,val_loss,val_acc,val_balanced_acc,val_f1_macro,val_f1_weighted,val_recall_0,val_recall_1,val_recall_2
1,0.6086533069610596,0.7279290064521458,0.6521739130434783,0.6666666666666666,0.5296296296296296,0.5222222222222221,1.0,0.0,1.0
2,0.5549183897674084,0.7039348690406136,0.6521739130434783,0.6666666666666666,0.5296296296296296,0.5222222222222221,1.0,0.0,1.0
3,0.4694227762520313,0.6723215890967328,0.7391304347826086,0.75,0.6888888888888888,0.6850241545893719,1.0,0.25,1.0
4,0.475709643214941,0.633382472007171,0.7391304347826086,0.75,0.6888888888888888,0.6850241545893719,1.0,0.25,1.0
5,0.4596221372485161,0.6288335310376209,0.7391304347826086,0.75,0.6888888888888888,0.6850241545893719,1.0,0.25,1.0
6,0.3811097629368305,0.6232394861138385,0.8260869565217391,0.8333333333333334,0.8104575163398694,0.8098891730605287,1.0,0.5,1.0
7,0.40942141227424145,0.6116289224313654,0.8260869565217391,0.8333333333333334,0.8104575163398694,0.8098891730605287,1.0,0.5,1.0
8,0.4007663019001484,0.6244613035865452,0.8260869565217391,0.8333333333333334,0.8104575163398694,0.8098891730605287,1.0,0.5,1.0
