{
  "0": {
    "precision": 0.84,
    "recall": 1.0,
    "f1-score": 0.9130434782608695,
    "support": 21.0
  },
  "1": {
    "precision": 0.3333333333333333,
    "recall": 0.4090909090909091,
    "f1-score": 0.3673469387755102,
    "support": 22.0
  },
  "2": {
    "precision": 0.3076923076923077,
    "recall": 0.18181818181818182,
    "f1-score": 0.22857142857142856,
    "support": 22.0
  },
  "accuracy": 0.5230769230769231,
  "macro avg": {
    "precision": 0.49367521367521366,
    "recall": 0.5303030303030304,
    "f1-score": 0.5029872818692694,
    "support": 65.0
  },
  "weighted avg": {
    "precision": 0.48834714003944774,
    "recall": 0.5230769230769231,
    "f1-score": 0.4966787250017063,
    "support": 65.0
  }
}