{
  "0": {
    "precision": 0.875,
    "recall": 1.0,
    "f1-score": 0.9333333333333333,
    "support": 21.0
  },
  "1": {
    "precision": 0.475,
    "recall": 0.8636363636363636,
    "f1-score": 0.6129032258064516,
    "support": 22.0
  },
  "2": {
    "precision": 1.0,
    "recall": 0.045454545454545456,
    "f1-score": 0.08695652173913043,
    "support": 22.0
  },
  "accuracy": 0.6307692307692307,
  "macro avg": {
    "precision": 0.7833333333333333,
    "recall": 0.6363636363636364,
    "f1-score": 0.5443976936263052,
    "support": 65.0
  },
  "weighted avg": {
    "precision": 0.7819230769230769,
    "recall": 0.6307692307692307,
    "f1-score": 0.5384140684000431,
    "support": 65.0
  }
}