epoch,train_loss,val_loss,val_acc,val_balanced_acc,val_f1_macro,val_f1_weighted,val_recall_0,val_recall_1,val_recall_2
1,0.7478948272764683,0.6906427520772686,0.6086956521739131,0.5833333333333334,0.48677248677248675,0.5079365079365079,1.0,0.75,0.0
2,0.6803413480520248,0.6985991804496102,0.6086956521739131,0.5892857142857143,0.5458089668615984,0.5598779557589626,1.0,0.625,0.14285714285714285
