epoch,train_loss,val_loss,val_acc,val_balanced_acc,val_f1_macro,val_f1_weighted,val_recall_0,val_recall_1,val_recall_2
1,0.6265231259167194,0.7675115932588992,0.6521739130434783,0.6666666666666666,0.5296296296296296,0.5222222222222221,1.0,0.0,1.0
2,0.5739075541496277,0.7438830759214319,0.6521739130434783,0.6666666666666666,0.5296296296296296,0.5222222222222221,1.0,0.0,1.0
3,0.48388999328017235,0.7078271041745725,0.6521739130434783,0.6666666666666666,0.5296296296296296,0.5222222222222221,1.0,0.0,1.0
4,0.4996512159705162,0.6640096747356913,0.7391304347826086,0.75,0.6888888888888888,0.6850241545893719,1.0,0.25,1.0
5,0.4859306216239929,0.6597651787426161,0.782608695652174,0.7916666666666666,0.7548029312735195,0.7538040249037692,1.0,0.375,1.0
6,0.40376652032136917,0.6531975476638131,0.782608695652174,0.7916666666666666,0.7548029312735195,0.7538040249037692,1.0,0.375,1.0
7,0.42955877631902695,0.6402043726133264,0.782608695652174,0.7916666666666666,0.7548029312735195,0.7538040249037692,1.0,0.375,1.0
8,0.42079484835267067,0.6564285107280897,0.782608695652174,0.7916666666666666,0.7548029312735195,0.7538040249037692,1.0,0.375,1.0
