{
  "0": {
    "precision": 0.84,
    "recall": 1.0,
    "f1-score": 0.9130434782608695,
    "support": 21.0
  },
  "1": {
    "precision": 0.7647058823529411,
    "recall": 0.5909090909090909,
    "f1-score": 0.6666666666666666,
    "support": 22.0
  },
  "2": {
    "precision": 0.782608695652174,
    "recall": 0.8181818181818182,
    "f1-score": 0.8,
    "support": 22.0
  },
  "accuracy": 0.8,
  "macro avg": {
    "precision": 0.795771526001705,
    "recall": 0.8030303030303031,
    "f1-score": 0.7932367149758454,
    "support": 65.0
  },
  "weighted avg": {
    "precision": 0.7950910879401928,
    "recall": 0.8,
    "f1-score": 0.7913935340022296,
    "support": 65.0
  }
}