epoch,train_loss,val_loss,val_acc,val_balanced_acc,val_f1_macro,val_f1_weighted,val_recall_0,val_recall_1,val_recall_2
1,0.9189070835709572,0.7706195556599161,0.6086956521739131,0.6071428571428571,0.6011904761904762,0.6055900621118012,0.875,0.375,0.5714285714285714
2,0.8649152219295502,0.8173764270284901,0.6956521739130435,0.7083333333333334,0.6211328976034858,0.6177038931514633,1.0,0.125,1.0
