{
  "0": {
    "precision": 0.84,
    "recall": 1.0,
    "f1-score": 0.9130434782608695,
    "support": 21.0
  },
  "1": {
    "precision": 0.9375,
    "recall": 0.6818181818181818,
    "f1-score": 0.7894736842105263,
    "support": 22.0
  },
  "2": {
    "precision": 0.875,
    "recall": 0.9545454545454546,
    "f1-score": 0.9130434782608695,
    "support": 22.0
  },
  "accuracy": 0.8769230769230769,
  "macro avg": {
    "precision": 0.8841666666666667,
    "recall": 0.8787878787878788,
    "f1-score": 0.8718535469107551,
    "support": 65.0
  },
  "weighted avg": {
    "precision": 0.8848461538461538,
    "recall": 0.8769230769230769,
    "f1-score": 0.8712198556592149,
    "support": 65.0
  }
}