epoch,train_loss,val_loss,val_acc,val_f1_macro,val_f1_weighted,val_balanced_acc,val_recall_0,val_recall_1,val_recall_2
1,0.5602607317268848,0.7475177878918855,0.782608695652174,0.7713046757164405,0.7690340350186898,0.7916666666666666,0.875,0.5,1.0
2,0.49230973049998283,0.7174303920372672,0.7391304347826086,0.7321428571428571,0.7313664596273292,0.7440476190476191,0.875,0.5,0.8571428571428571
3,0.4321491941809654,0.7072779095691183,0.7391304347826086,0.7321428571428571,0.7313664596273292,0.7440476190476191,0.875,0.5,0.8571428571428571
4,0.42790185287594795,0.7387113363846488,0.782608695652174,0.7713046757164405,0.7690340350186898,0.7916666666666666,0.875,0.5,1.0
