{
  "0": {
    "precision": 0.8076923076923077,
    "recall": 1.0,
    "f1-score": 0.8936170212765957,
    "support": 21.0
  },
  "1": {
    "precision": 0.9166666666666666,
    "recall": 0.5,
    "f1-score": 0.6470588235294118,
    "support": 22.0
  },
  "2": {
    "precision": 0.7777777777777778,
    "recall": 0.9545454545454546,
    "f1-score": 0.8571428571428571,
    "support": 22.0
  },
  "accuracy": 0.8153846153846154,
  "macro avg": {
    "precision": 0.834045584045584,
    "recall": 0.8181818181818182,
    "f1-score": 0.7992729006496216,
    "support": 65.0
  },
  "weighted avg": {
    "precision": 0.8344510190664036,
    "recall": 0.8153846153846154,
    "f1-score": 0.797821452639976,
    "support": 65.0
  }
}