epoch,train_loss,val_loss,val_acc,val_balanced_acc,val_f1_macro,val_f1_weighted,val_recall_0,val_recall_1,val_recall_2
1,0.6172802485525608,0.7553147336711055,0.6521739130434783,0.6666666666666666,0.5296296296296296,0.5222222222222221,1.0,0.0,1.0
2,0.5652907080948353,0.7323838861092277,0.6521739130434783,0.6666666666666666,0.5296296296296296,0.5222222222222221,1.0,0.0,1.0
3,0.4762389473617077,0.6972190841384556,0.6521739130434783,0.6666666666666666,0.5296296296296296,0.5222222222222221,1.0,0.0,1.0
4,0.4905240833759308,0.6545533900675566,0.7391304347826086,0.75,0.6888888888888888,0.6850241545893719,1.0,0.25,1.0
5,0.47671620920300484,0.6505088287851085,0.7391304347826086,0.75,0.6888888888888888,0.6850241545893719,1.0,0.25,1.0
6,0.3953019753098488,0.6442598570948062,0.782608695652174,0.7916666666666666,0.7548029312735195,0.7538040249037692,1.0,0.375,1.0
7,0.42187199369072914,0.6313794514407283,0.782608695652174,0.7916666666666666,0.7548029312735195,0.7538040249037692,1.0,0.375,1.0
8,0.4127580523490906,0.6466322048850681,0.782608695652174,0.7916666666666666,0.7548029312735195,0.7538040249037692,1.0,0.375,1.0
