{
  "0": {
    "precision": 0.84,
    "recall": 1.0,
    "f1-score": 0.9130434782608695,
    "support": 21.0
  },
  "1": {
    "precision": 0.8125,
    "recall": 0.5909090909090909,
    "f1-score": 0.6842105263157895,
    "support": 22.0
  },
  "2": {
    "precision": 0.7916666666666666,
    "recall": 0.8636363636363636,
    "f1-score": 0.8260869565217391,
    "support": 22.0
  },
  "accuracy": 0.8153846153846154,
  "macro avg": {
    "precision": 0.8147222222222221,
    "recall": 0.8181818181818182,
    "f1-score": 0.8077803203661328,
    "support": 65.0
  },
  "weighted avg": {
    "precision": 0.8143333333333334,
    "recall": 0.8153846153846154,
    "f1-score": 0.8061608871677521,
    "support": 65.0
  }
}