epoch,train_loss,val_loss,val_acc,val_balanced_acc,val_f1_macro,val_f1_weighted,val_recall_0,val_recall_1,val_recall_2
1,0.7882996276021004,0.7410032386365144,0.6086956521739131,0.5952380952380952,0.5743711626064568,0.5835335451703738,1.0,0.5,0.2857142857142857
2,0.7121584415435791,0.7135015078212904,0.6956521739130435,0.6964285714285715,0.6723646723646723,0.6726124117428466,1.0,0.375,0.7142857142857143
3,0.6721742376685143,0.7254364697829537,0.8260869565217391,0.8333333333333334,0.8104575163398694,0.8098891730605287,1.0,0.5,1.0
