epoch,train_loss,val_loss,val_acc,val_balanced_acc,val_f1_macro,val_f1_weighted,val_recall_0,val_recall_1,val_recall_2
1,0.6788304410874844,0.6974922314934109,0.8260869565217391,0.8273809523809524,0.8201058201058201,0.8184955141476881,1.0,0.625,0.8571428571428571
2,0.6285087391734123,0.6923929297405741,0.7391304347826086,0.7440476190476191,0.7129629629629629,0.7113526570048309,1.0,0.375,0.8571428571428571
3,0.6471337154507637,0.7056835552920466,0.7391304347826086,0.75,0.6888888888888888,0.6850241545893719,1.0,0.25,1.0
