{
  "0": {
    "precision": 0.875,
    "recall": 1.0,
    "f1-score": 0.9333333333333333,
    "support": 21.0
  },
  "1": {
    "precision": 0.8823529411764706,
    "recall": 0.6818181818181818,
    "f1-score": 0.7692307692307693,
    "support": 22.0
  },
  "2": {
    "precision": 0.8333333333333334,
    "recall": 0.9090909090909091,
    "f1-score": 0.8695652173913043,
    "support": 22.0
  },
  "accuracy": 0.8615384615384616,
  "macro avg": {
    "precision": 0.863562091503268,
    "recall": 0.8636363636363636,
    "f1-score": 0.8573764399851357,
    "support": 65.0
  },
  "weighted avg": {
    "precision": 0.8633861236802413,
    "recall": 0.8615384615384616,
    "f1-score": 0.8562078723951635,
    "support": 65.0
  }
}