epoch,train_loss,val_loss,val_acc,val_balanced_acc,val_f1_macro,val_f1_weighted,val_recall_0,val_recall_1,val_recall_2
1,0.6278101466596127,0.7408058461935624,0.6956521739130435,0.7083333333333334,0.6159844054580897,0.6107297228578694,1.0,0.125,1.0
2,0.570995282381773,0.7148949814879376,0.6956521739130435,0.7083333333333334,0.6159844054580897,0.6107297228578694,1.0,0.125,1.0
3,0.4862632714211941,0.6835003961687502,0.7391304347826086,0.75,0.6888888888888888,0.6850241545893719,1.0,0.25,1.0
4,0.4897717647254467,0.6440623169359954,0.7391304347826086,0.75,0.6888888888888888,0.6850241545893719,1.0,0.25,1.0
5,0.47190264239907265,0.6391650321690933,0.8260869565217391,0.8333333333333334,0.8104575163398694,0.8098891730605287,1.0,0.5,1.0
6,0.39404191821813583,0.6333380043506622,0.8260869565217391,0.8333333333333334,0.8104575163398694,0.8098891730605287,1.0,0.5,1.0
7,0.4223806895315647,0.6226386855477872,0.782608695652174,0.7857142857142857,0.7688536953242835,0.769673421207948,1.0,0.5,0.8571428571428571
8,0.4137047193944454,0.6371025313501772,0.8260869565217391,0.8333333333333334,0.8104575163398694,0.8098891730605287,1.0,0.5,1.0
