{
  "0": {
    "precision": 0.875,
    "recall": 1.0,
    "f1-score": 0.9333333333333333,
    "support": 21.0
  },
  "1": {
    "precision": 0.7222222222222222,
    "recall": 0.5909090909090909,
    "f1-score": 0.65,
    "support": 22.0
  },
  "2": {
    "precision": 0.7391304347826086,
    "recall": 0.7727272727272727,
    "f1-score": 0.7555555555555555,
    "support": 22.0
  },
  "accuracy": 0.7846153846153846,
  "macro avg": {
    "precision": 0.7787842190016102,
    "recall": 0.7878787878787877,
    "f1-score": 0.7796296296296297,
    "support": 65.0
  },
  "weighted avg": {
    "precision": 0.7773039762170196,
    "recall": 0.7846153846153846,
    "f1-score": 0.7772649572649574,
    "support": 65.0
  }
}