{
  "0": {
    "precision": 0.84,
    "recall": 1.0,
    "f1-score": 0.9130434782608695,
    "support": 21.0
  },
  "1": {
    "precision": 0.4594594594594595,
    "recall": 0.7727272727272727,
    "f1-score": 0.576271186440678,
    "support": 22.0
  },
  "2": {
    "precision": 0.6666666666666666,
    "recall": 0.09090909090909091,
    "f1-score": 0.16,
    "support": 22.0
  },
  "accuracy": 0.6153846153846154,
  "macro avg": {
    "precision": 0.6553753753753754,
    "recall": 0.6212121212121212,
    "f1-score": 0.5497715549005158,
    "support": 65.0
  },
  "weighted avg": {
    "precision": 0.6525349965349966,
    "recall": 0.6153846153846154,
    "f1-score": 0.5441827560795873,
    "support": 65.0
  }
}