epoch,train_loss,val_loss,val_acc,val_balanced_acc,val_f1_macro,val_f1_weighted,val_recall_0,val_recall_1,val_recall_2
1,0.7806210964918137,0.7211780807246333,0.5652173913043478,0.5416666666666666,0.46296296296296297,0.4830917874396135,1.0,0.625,0.0
2,0.6994343847036362,0.7223365203193997,0.6086956521739131,0.5892857142857143,0.5458089668615984,0.5598779557589626,1.0,0.625,0.14285714285714285
