{
  "0": {
    "precision": 0.84,
    "recall": 1.0,
    "f1-score": 0.9130434782608695,
    "support": 21.0
  },
  "1": {
    "precision": 0.8235294117647058,
    "recall": 0.6363636363636364,
    "f1-score": 0.717948717948718,
    "support": 22.0
  },
  "2": {
    "precision": 0.8260869565217391,
    "recall": 0.8636363636363636,
    "f1-score": 0.8444444444444444,
    "support": 22.0
  },
  "accuracy": 0.8307692307692308,
  "macro avg": {
    "precision": 0.8298721227621484,
    "recall": 0.8333333333333334,
    "f1-score": 0.8251455468846772,
    "support": 65.0
  },
  "weighted avg": {
    "precision": 0.8297163092661813,
    "recall": 0.8307692307692308,
    "f1-score": 0.8237932710173512,
    "support": 65.0
  }
}