epoch,train_loss,val_loss,val_acc,val_balanced_acc,val_f1_macro,val_f1_weighted,val_recall_0,val_recall_1,val_recall_2
1,0.6275360584259033,0.7309911536133807,0.6956521739130435,0.7083333333333334,0.6159844054580897,0.6107297228578694,1.0,0.125,1.0
2,0.569901917129755,0.7047629097233647,0.7391304347826086,0.75,0.6888888888888888,0.6850241545893719,1.0,0.25,1.0
3,0.4867038428783417,0.6750599068144093,0.7391304347826086,0.75,0.6888888888888888,0.6850241545893719,1.0,0.25,1.0
4,0.48702721670269966,0.637408461259759,0.8260869565217391,0.8333333333333334,0.8104575163398694,0.8098891730605287,1.0,0.5,1.0
5,0.46694204956293106,0.6325382460718569,0.8260869565217391,0.8333333333333334,0.8104575163398694,0.8098891730605287,1.0,0.5,1.0
6,0.3914707154035568,0.6270442540230958,0.8260869565217391,0.8333333333333334,0.8104575163398694,0.8098891730605287,1.0,0.5,1.0
7,0.42015472054481506,0.6171602321707684,0.8260869565217391,0.8273809523809524,0.8184873949579833,0.8192911947387651,1.0,0.625,0.8571428571428571
8,0.41133665665984154,0.6311290769473367,0.782608695652174,0.7857142857142857,0.7688536953242835,0.769673421207948,1.0,0.5,0.8571428571428571
