{
  "0": {
    "precision": 0.84,
    "recall": 1.0,
    "f1-score": 0.9130434782608695,
    "support": 21.0
  },
  "1": {
    "precision": 0.5483870967741935,
    "recall": 0.7727272727272727,
    "f1-score": 0.6415094339622641,
    "support": 22.0
  },
  "2": {
    "precision": 0.8888888888888888,
    "recall": 0.36363636363636365,
    "f1-score": 0.5161290322580645,
    "support": 22.0
  },
  "accuracy": 0.7076923076923077,
  "macro avg": {
    "precision": 0.7590919952210274,
    "recall": 0.712121212121212,
    "f1-score": 0.690227314827066,
    "support": 65.0
  },
  "weighted avg": {
    "precision": 0.7578472566859664,
    "recall": 0.7076923076923077,
    "f1-score": 0.6867993738511615,
    "support": 65.0
  }
}