epoch,train_loss,val_loss,val_acc,val_f1_macro,val_f1_weighted,val_balanced_acc,val_recall_0,val_recall_1,val_recall_2
1,0.6190690770745277,0.7551584800948268,0.6521739130434783,0.6415131709249356,0.6452504585496913,0.6547619047619048,0.875,0.7142857142857143,0.375
2,0.5764803811907768,0.7502137254113737,0.6956521739130435,0.6741929094870271,0.6779301971117827,0.6964285714285715,1.0,0.7142857142857143,0.375
3,0.5099566429853439,0.7529012975485428,0.6956521739130435,0.6741929094870271,0.6779301971117827,0.6964285714285715,1.0,0.7142857142857143,0.375
