epoch,train_loss,val_loss,val_acc,val_balanced_acc,val_f1_macro,val_f1_weighted,val_recall_0,val_recall_1,val_recall_2
1,0.5850226357579231,0.7263684195020924,0.6521739130434783,0.6666666666666666,0.5296296296296296,0.5222222222222221,1.0,0.0,1.0
2,0.53786476328969,0.7064111414163009,0.6521739130434783,0.6666666666666666,0.5296296296296296,0.5222222222222221,1.0,0.0,1.0
3,0.4499082826077938,0.6718677023182744,0.6521739130434783,0.6666666666666666,0.5296296296296296,0.5222222222222221,1.0,0.0,1.0
4,0.46647344157099724,0.6313359348670297,0.6956521739130435,0.7083333333333334,0.6159844054580897,0.6107297228578694,1.0,0.125,1.0
5,0.4548635110259056,0.6282979560934979,0.6956521739130435,0.7083333333333334,0.6159844054580897,0.6107297228578694,1.0,0.125,1.0
6,0.37284379824995995,0.6224103155343429,0.6956521739130435,0.7083333333333334,0.6159844054580897,0.6107297228578694,1.0,0.125,1.0
7,0.4005863144993782,0.6082501385522925,0.7391304347826086,0.75,0.6888888888888888,0.6850241545893719,1.0,0.25,1.0
8,0.3903449922800064,0.6201948471691298,0.7391304347826086,0.75,0.6926728586171311,0.690752456589043,1.0,0.25,1.0
