{
  "0": {
    "precision": 0.8076923076923077,
    "recall": 1.0,
    "f1-score": 0.8936170212765957,
    "support": 21.0
  },
  "1": {
    "precision": 0.8888888888888888,
    "recall": 0.36363636363636365,
    "f1-score": 0.5161290322580645,
    "support": 22.0
  },
  "2": {
    "precision": 0.7,
    "recall": 0.9545454545454546,
    "f1-score": 0.8076923076923077,
    "support": 22.0
  },
  "accuracy": 0.7692307692307693,
  "macro avg": {
    "precision": 0.7988603988603988,
    "recall": 0.7727272727272728,
    "f1-score": 0.7391461204089893,
    "support": 65.0
  },
  "weighted avg": {
    "precision": 0.798724523339908,
    "recall": 0.7692307692307693,
    "f1-score": 0.7367696450110262,
    "support": 65.0
  }
}