{
  "0": {
    "precision": 0.9523809523809523,
    "recall": 0.9523809523809523,
    "f1-score": 0.9523809523809523,
    "support": 21.0
  },
  "1": {
    "precision": 0.8181818181818182,
    "recall": 0.8181818181818182,
    "f1-score": 0.8181818181818182,
    "support": 22.0
  },
  "2": {
    "precision": 0.8636363636363636,
    "recall": 0.8636363636363636,
    "f1-score": 0.8636363636363636,
    "support": 22.0
  },
  "accuracy": 0.8769230769230769,
  "macro avg": {
    "precision": 0.8780663780663781,
    "recall": 0.8780663780663781,
    "f1-score": 0.8780663780663781,
    "support": 65.0
  },
  "weighted avg": {
    "precision": 0.8769230769230769,
    "recall": 0.8769230769230769,
    "f1-score": 0.8769230769230769,
    "support": 65.0
  }
}