epoch,train_loss,val_loss,val_acc,val_balanced_acc,val_f1_macro,val_f1_weighted,val_recall_0,val_recall_1,val_recall_2
1,0.6304911673069,0.7085979010747827,0.782608695652174,0.7916666666666666,0.7713046757164405,0.7667961833562857,0.875,0.5,1.0
2,0.6337323188781738,0.6479983174282572,0.6956521739130435,0.6904761904761904,0.6928733031674209,0.6962423765492821,0.875,0.625,0.5714285714285714
3,0.5270113572478294,0.658778991388238,0.782608695652174,0.7857142857142857,0.7805555555555556,0.7797101449275362,0.875,0.625,0.8571428571428571
