epoch,train_loss,val_loss,val_acc,val_balanced_acc,val_f1_macro,val_f1_weighted,val_recall_0,val_recall_1,val_recall_2
1,0.6327049732208252,0.7702043471129044,0.6521739130434783,0.6666666666666666,0.5296296296296296,0.5222222222222221,1.0,0.0,1.0
2,0.5786342173814774,0.7456050489259802,0.6521739130434783,0.6666666666666666,0.5296296296296296,0.5222222222222221,1.0,0.0,1.0
3,0.4888045862317085,0.7097449095352836,0.6521739130434783,0.6666666666666666,0.5296296296296296,0.5222222222222221,1.0,0.0,1.0
4,0.5028614178299904,0.6660031028415846,0.782608695652174,0.7916666666666666,0.7548029312735195,0.7538040249037692,1.0,0.375,1.0
5,0.48853106424212456,0.6615977909253992,0.782608695652174,0.7916666666666666,0.7548029312735195,0.7538040249037692,1.0,0.375,1.0
6,0.40707390382885933,0.6549663776936738,0.782608695652174,0.7916666666666666,0.7548029312735195,0.7538040249037692,1.0,0.375,1.0
7,0.4328383170068264,0.6424510219822759,0.782608695652174,0.7916666666666666,0.7548029312735195,0.7538040249037692,1.0,0.375,1.0
8,0.4244043752551079,0.6593349835147029,0.782608695652174,0.7916666666666666,0.7548029312735195,0.7538040249037692,1.0,0.375,1.0
