{
  "0": {
    "precision": 0.9333333333333333,
    "recall": 0.9333333333333333,
    "f1-score": 0.9333333333333333,
    "support": 15.0
  },
  "1": {
    "precision": 0.6153846153846154,
    "recall": 0.5333333333333333,
    "f1-score": 0.5714285714285714,
    "support": 15.0
  },
  "2": {
    "precision": 0.6666666666666666,
    "recall": 0.75,
    "f1-score": 0.7058823529411765,
    "support": 16.0
  },
  "accuracy": 0.7391304347826086,
  "macro avg": {
    "precision": 0.7384615384615385,
    "recall": 0.7388888888888889,
    "f1-score": 0.7368814192343605,
    "support": 46.0
  },
  "weighted avg": {
    "precision": 0.7369007803790413,
    "recall": 0.7391304347826086,
    "f1-score": 0.7362075264888565,
    "support": 46.0
  }
}