{
  "0": {
    "precision": 0.8888888888888888,
    "recall": 0.8888888888888888,
    "f1-score": 0.8888888888888888,
    "support": 9.0
  },
  "1": {
    "precision": 0.7272727272727273,
    "recall": 0.8888888888888888,
    "f1-score": 0.8,
    "support": 9.0
  },
  "2": {
    "precision": 1.0,
    "recall": 0.7777777777777778,
    "f1-score": 0.875,
    "support": 9.0
  },
  "accuracy": 0.8518518518518519,
  "macro avg": {
    "precision": 0.872053872053872,
    "recall": 0.8518518518518517,
    "f1-score": 0.8546296296296297,
    "support": 27.0
  },
  "weighted avg": {
    "precision": 0.8720538720538721,
    "recall": 0.8518518518518519,
    "f1-score": 0.8546296296296296,
    "support": 27.0
  }
}