epoch,train_loss,val_loss,val_acc,val_balanced_acc,val_f1_macro,val_f1_weighted,val_recall_0,val_recall_1,val_recall_2
1,0.7266284450888634,0.7644515011621558,0.6956521739130435,0.7083333333333334,0.6159844054580897,0.6107297228578694,1.0,0.125,1.0
2,0.7112054452300072,0.7360480816467948,0.7391304347826086,0.75,0.6888888888888888,0.6850241545893719,1.0,0.25,1.0
3,0.5593645423650742,0.6626120987145797,0.6956521739130435,0.6904761904761904,0.6792022792022792,0.6819769602378297,1.0,0.5,0.5714285714285714
4,0.46558237448334694,0.6730773008388021,0.782608695652174,0.7857142857142857,0.7680911680911681,0.7667038275733928,1.0,0.5,0.8571428571428571
