{
  "0": {
    "precision": 0.84,
    "recall": 1.0,
    "f1-score": 0.9130434782608695,
    "support": 21.0
  },
  "1": {
    "precision": 0.7142857142857143,
    "recall": 0.6818181818181818,
    "f1-score": 0.6976744186046512,
    "support": 22.0
  },
  "2": {
    "precision": 0.8421052631578947,
    "recall": 0.7272727272727273,
    "f1-score": 0.7804878048780488,
    "support": 22.0
  },
  "accuracy": 0.8,
  "macro avg": {
    "precision": 0.798796992481203,
    "recall": 0.8030303030303031,
    "f1-score": 0.7970685672478565,
    "support": 65.0
  },
  "weighted avg": {
    "precision": 0.798163100057837,
    "recall": 0.8,
    "f1-score": 0.7952843378476563,
    "support": 65.0
  }
}