{
  "0": {
    "precision": 0.875,
    "recall": 1.0,
    "f1-score": 0.9333333333333333,
    "support": 21.0
  },
  "1": {
    "precision": 0.5517241379310345,
    "recall": 0.7272727272727273,
    "f1-score": 0.6274509803921569,
    "support": 22.0
  },
  "2": {
    "precision": 0.75,
    "recall": 0.4090909090909091,
    "f1-score": 0.5294117647058824,
    "support": 22.0
  },
  "accuracy": 0.7076923076923077,
  "macro avg": {
    "precision": 0.7255747126436782,
    "recall": 0.712121212121212,
    "f1-score": 0.6967320261437909,
    "support": 65.0
  },
  "weighted avg": {
    "precision": 0.7232758620689655,
    "recall": 0.7076923076923077,
    "f1-score": 0.6930920060331826,
    "support": 65.0
  }
}