{
  "0": {
    "precision": 0.8076923076923077,
    "recall": 0.9545454545454546,
    "f1-score": 0.875,
    "support": 22.0
  },
  "1": {
    "precision": 0.7391304347826086,
    "recall": 0.7727272727272727,
    "f1-score": 0.7555555555555555,
    "support": 22.0
  },
  "2": {
    "precision": 1.0,
    "recall": 0.7619047619047619,
    "f1-score": 0.8648648648648649,
    "support": 21.0
  },
  "accuracy": 0.8307692307692308,
  "macro avg": {
    "precision": 0.8489409141583054,
    "recall": 0.8297258297258298,
    "f1-score": 0.8318068068068069,
    "support": 65.0
  },
  "weighted avg": {
    "precision": 0.8466169282222794,
    "recall": 0.8307692307692308,
    "f1-score": 0.8312982212982213,
    "support": 65.0
  }
}