epoch,train_loss,val_loss,val_acc,val_balanced_acc,val_f1_macro,val_f1_weighted,val_recall_0,val_recall_1,val_recall_2
1,0.5655437856912613,0.7719539999961853,0.6956521739130435,0.7083333333333334,0.6549811843929491,0.6496422020718695,0.875,0.25,1.0
2,0.5720665156841278,0.7105299052984818,0.782608695652174,0.7916666666666666,0.7713046757164405,0.7690340350186898,0.875,0.5,1.0
3,0.5176816396415234,0.6618379380391992,0.782608695652174,0.7857142857142857,0.7805555555555556,0.7797101449275362,0.875,0.625,0.8571428571428571
4,0.48717625066637993,0.6390104021715082,0.782608695652174,0.7857142857142857,0.7805555555555556,0.7797101449275362,0.875,0.625,0.8571428571428571
5,0.4534267634153366,0.6359121034974637,0.8260869565217391,0.8273809523809524,0.8184873949579833,0.8192911947387651,1.0,0.625,0.8571428571428571
6,0.4604651853442192,0.6143779702808546,0.8260869565217391,0.8273809523809524,0.8184873949579833,0.8192911947387651,1.0,0.625,0.8571428571428571
7,0.3894978668540716,0.6331703727659972,0.8260869565217391,0.8273809523809524,0.8184873949579833,0.8192911947387651,1.0,0.625,0.8571428571428571
