{
  "0": {
    "precision": 0.84,
    "recall": 1.0,
    "f1-score": 0.9130434782608695,
    "support": 21.0
  },
  "1": {
    "precision": 0.6296296296296297,
    "recall": 0.7727272727272727,
    "f1-score": 0.6938775510204082,
    "support": 22.0
  },
  "2": {
    "precision": 0.9230769230769231,
    "recall": 0.5454545454545454,
    "f1-score": 0.6857142857142857,
    "support": 22.0
  },
  "accuracy": 0.7692307692307693,
  "macro avg": {
    "precision": 0.7975688509021843,
    "recall": 0.7727272727272728,
    "f1-score": 0.7642117716651878,
    "support": 65.0
  },
  "weighted avg": {
    "precision": 0.7969160639929872,
    "recall": 0.7692307692307693,
    "f1-score": 0.7619220531021774,
    "support": 65.0
  }
}