epoch,train_loss,val_loss,val_acc,val_balanced_acc,val_f1_macro,val_f1_weighted,val_recall_0,val_recall_1,val_recall_2
1,0.6682729125022888,0.7152603164963101,0.5652173913043478,0.5595238095238095,0.5343915343915343,0.5389924085576259,1.0,0.25,0.42857142857142855
2,0.6447947844862938,0.7174468377362127,0.5652173913043478,0.5595238095238095,0.5343915343915343,0.5389924085576259,1.0,0.25,0.42857142857142855
