epoch,train_loss,val_loss,val_acc,val_balanced_acc,val_f1_macro,val_f1_weighted,val_recall_0,val_recall_1,val_recall_2
1,0.641366608440876,0.7379158709360205,0.6956521739130435,0.7083333333333334,0.6159844054580897,0.6107297228578694,1.0,0.125,1.0
2,0.5811963602900505,0.7104640888131183,0.7391304347826086,0.75,0.6888888888888888,0.6850241545893719,1.0,0.25,1.0
3,0.4983705058693886,0.6812996216442274,0.7391304347826086,0.75,0.6888888888888888,0.6850241545893719,1.0,0.25,1.0
4,0.4973162151873112,0.6438345922076184,0.8260869565217391,0.8333333333333334,0.8104575163398694,0.8098891730605287,1.0,0.5,1.0
5,0.4755030870437622,0.6387813674366992,0.782608695652174,0.7857142857142857,0.7688536953242835,0.769673421207948,1.0,0.5,0.8571428571428571
6,0.4009009674191475,0.6328390836715698,0.782608695652174,0.7857142857142857,0.7688536953242835,0.769673421207948,1.0,0.5,0.8571428571428571
7,0.42890382558107376,0.6232692547466444,0.8260869565217391,0.8273809523809524,0.8184873949579833,0.8192911947387651,1.0,0.625,0.8571428571428571
8,0.4205971322953701,0.6381982370563175,0.782608695652174,0.7857142857142857,0.7688536953242835,0.769673421207948,1.0,0.5,0.8571428571428571
