{
  "0": {
    "precision": 0.875,
    "recall": 1.0,
    "f1-score": 0.9333333333333333,
    "support": 21.0
  },
  "1": {
    "precision": 0.8421052631578947,
    "recall": 0.7272727272727273,
    "f1-score": 0.7804878048780488,
    "support": 22.0
  },
  "2": {
    "precision": 0.8636363636363636,
    "recall": 0.8636363636363636,
    "f1-score": 0.8636363636363636,
    "support": 22.0
  },
  "accuracy": 0.8615384615384616,
  "macro avg": {
    "precision": 0.8602472089314195,
    "recall": 0.8636363636363636,
    "f1-score": 0.8591525006159153,
    "support": 65.0
  },
  "weighted avg": {
    "precision": 0.8600202429149798,
    "recall": 0.8615384615384616,
    "f1-score": 0.8580112570356473,
    "support": 65.0
  }
}