{
  "0": {
    "precision": 0.875,
    "recall": 1.0,
    "f1-score": 0.9333333333333333,
    "support": 21.0
  },
  "1": {
    "precision": 0.875,
    "recall": 0.6363636363636364,
    "f1-score": 0.7368421052631579,
    "support": 22.0
  },
  "2": {
    "precision": 0.8,
    "recall": 0.9090909090909091,
    "f1-score": 0.851063829787234,
    "support": 22.0
  },
  "accuracy": 0.8461538461538461,
  "macro avg": {
    "precision": 0.85,
    "recall": 0.8484848484848485,
    "f1-score": 0.8404130894612417,
    "support": 65.0
  },
  "weighted avg": {
    "precision": 0.8496153846153847,
    "recall": 0.8461538461538461,
    "f1-score": 0.838983547247825,
    "support": 65.0
  }
}