epoch,train_loss,val_loss,val_acc,val_balanced_acc,val_f1_macro,val_f1_weighted,val_recall_0,val_recall_1,val_recall_2
1,0.5422461628913879,0.7073448870493018,0.7391304347826086,0.75,0.7175925925925926,0.714975845410628,0.875,0.375,1.0
2,0.5025776922702789,0.781900968240655,0.6956521739130435,0.7083333333333334,0.6584928229665072,0.6550863324318703,0.875,0.25,1.0
