{
  "0": {
    "precision": 0.84,
    "recall": 1.0,
    "f1-score": 0.9130434782608695,
    "support": 21.0
  },
  "1": {
    "precision": 0.5217391304347826,
    "recall": 0.5454545454545454,
    "f1-score": 0.5333333333333333,
    "support": 22.0
  },
  "2": {
    "precision": 0.6470588235294118,
    "recall": 0.5,
    "f1-score": 0.5641025641025641,
    "support": 22.0
  },
  "accuracy": 0.676923076923077,
  "macro avg": {
    "precision": 0.6695993179880647,
    "recall": 0.6818181818181818,
    "f1-score": 0.6701597918989224,
    "support": 65.0
  },
  "weighted avg": {
    "precision": 0.666977769034035,
    "recall": 0.676923076923077,
    "f1-score": 0.6664231198010462,
    "support": 65.0
  }
}