epoch,train_loss,val_loss,val_acc,val_balanced_acc,val_f1_macro,val_f1_weighted,val_recall_0,val_recall_1,val_recall_2
1,0.831954650580883,0.7427482915961224,0.6956521739130435,0.7023809523809524,0.6808069381598795,0.6797167027346056,0.875,0.375,0.8571428571428571
2,0.8129176422953606,0.7362587659255319,0.7391304347826086,0.7440476190476191,0.7156862745098039,0.7161125319693094,1.0,0.375,0.8571428571428571
3,0.7611204646527767,0.7297276362128879,0.7391304347826086,0.7440476190476191,0.7156862745098039,0.7161125319693094,1.0,0.375,0.8571428571428571
4,0.7744057849049568,0.7262793779373169,0.7391304347826086,0.7440476190476191,0.7156862745098039,0.7161125319693094,1.0,0.375,0.8571428571428571
5,0.7582394629716873,0.7190689289051554,0.6956521739130435,0.6964285714285715,0.6759049773755655,0.6781182372614597,1.0,0.375,0.7142857142857143
6,0.7375369593501091,0.7135655309842981,0.6956521739130435,0.6964285714285715,0.6759049773755655,0.6781182372614597,1.0,0.375,0.7142857142857143
7,0.7696843594312668,0.709307849407196,0.7391304347826086,0.7380952380952381,0.7264239028944911,0.7290220436000486,1.0,0.5,0.7142857142857143
8,0.7671258896589279,0.7033846404241479,0.7391304347826086,0.7321428571428571,0.7271870286576169,0.7320480031477474,1.0,0.625,0.5714285714285714
9,0.7031548842787743,0.7040434946184573,0.782608695652174,0.7797619047619048,0.7740429505135388,0.7766410912190963,1.0,0.625,0.7142857142857143
