{
  "0": {
    "precision": 1.0,
    "recall": 0.9090909090909091,
    "f1-score": 0.9523809523809523,
    "support": 22.0
  },
  "1": {
    "precision": 0.782608695652174,
    "recall": 0.8181818181818182,
    "f1-score": 0.8,
    "support": 22.0
  },
  "2": {
    "precision": 0.8181818181818182,
    "recall": 0.8571428571428571,
    "f1-score": 0.8372093023255814,
    "support": 21.0
  },
  "accuracy": 0.8615384615384616,
  "macro avg": {
    "precision": 0.8669301712779974,
    "recall": 0.8614718614718614,
    "f1-score": 0.8631967515688447,
    "support": 65.0
  },
  "weighted avg": {
    "precision": 0.8676801459410156,
    "recall": 0.8615384615384616,
    "f1-score": 0.8635965584802794,
    "support": 65.0
  }
}