{
  "0": {
    "precision": 0.9333333333333333,
    "recall": 0.9333333333333333,
    "f1-score": 0.9333333333333333,
    "support": 15.0
  },
  "1": {
    "precision": 0.7692307692307693,
    "recall": 0.6666666666666666,
    "f1-score": 0.7142857142857143,
    "support": 15.0
  },
  "2": {
    "precision": 0.7647058823529411,
    "recall": 0.8666666666666667,
    "f1-score": 0.8125,
    "support": 15.0
  },
  "accuracy": 0.8222222222222222,
  "macro avg": {
    "precision": 0.8224233283056813,
    "recall": 0.8222222222222223,
    "f1-score": 0.8200396825396825,
    "support": 45.0
  },
  "weighted avg": {
    "precision": 0.8224233283056812,
    "recall": 0.8222222222222222,
    "f1-score": 0.8200396825396825,
    "support": 45.0
  }
}