epoch,train_loss,val_loss,val_acc,val_balanced_acc,val_f1_macro,val_f1_weighted,val_recall_0,val_recall_1,val_recall_2
1,0.5594563510980499,0.701292097568512,0.6875,0.7000000000000001,0.6848484848484849,0.6795454545454545,1.0,0.6,0.5
2,0.6427542714590437,0.6989104151725769,0.8125,0.8111111111111112,0.8030303030303031,0.8049242424242424,1.0,0.6,0.8333333333333334
3,0.5635532629623842,0.6915866136550903,0.875,0.8666666666666667,0.8607226107226108,0.8646197552447552,1.0,0.6,1.0
4,0.5408631509609436,0.678679347038269,0.875,0.8666666666666667,0.8607226107226108,0.8646197552447552,1.0,0.6,1.0
5,0.4904441327861186,0.673823893070221,0.875,0.8666666666666667,0.8607226107226108,0.8646197552447552,1.0,0.6,1.0
6,0.40471908014811825,0.6659178733825684,0.875,0.8666666666666667,0.8607226107226108,0.8646197552447552,1.0,0.6,1.0
7,0.44840005107140274,0.65471351146698,0.875,0.8666666666666667,0.8607226107226108,0.8646197552447552,1.0,0.6,1.0
8,0.40210064241055693,0.6543079018592834,0.875,0.8666666666666667,0.8607226107226108,0.8646197552447552,1.0,0.6,1.0
9,0.44360450178049926,0.6554575562477112,0.875,0.8666666666666667,0.8607226107226108,0.8646197552447552,1.0,0.6,1.0
