{
  "0": {
    "precision": 1.0,
    "recall": 0.9523809523809523,
    "f1-score": 0.975609756097561,
    "support": 21.0
  },
  "1": {
    "precision": 0.7916666666666666,
    "recall": 0.8636363636363636,
    "f1-score": 0.8260869565217391,
    "support": 22.0
  },
  "2": {
    "precision": 0.8571428571428571,
    "recall": 0.8181818181818182,
    "f1-score": 0.8372093023255814,
    "support": 22.0
  },
  "accuracy": 0.8769230769230769,
  "macro avg": {
    "precision": 0.8829365079365079,
    "recall": 0.8780663780663781,
    "f1-score": 0.8796353383149605,
    "support": 65.0
  },
  "weighted avg": {
    "precision": 0.881135531135531,
    "recall": 0.8769230769230769,
    "f1-score": 0.8781588088106129,
    "support": 65.0
  }
}