epoch,train_loss,val_loss,val_acc,val_balanced_acc,val_f1_macro,val_f1_weighted,val_recall_0,val_recall_1,val_recall_2
1,0.5590403005480766,0.7150877688242041,0.6521739130434783,0.6666666666666666,0.5296296296296296,0.5222222222222221,1.0,0.0,1.0
2,0.5182369872927666,0.6981999459473983,0.6521739130434783,0.6666666666666666,0.5296296296296296,0.5222222222222221,1.0,0.0,1.0
3,0.4313112534582615,0.6636369746664296,0.6521739130434783,0.6666666666666666,0.5296296296296296,0.5222222222222221,1.0,0.0,1.0
4,0.4558786693960428,0.6227585880652718,0.6521739130434783,0.6666666666666666,0.5296296296296296,0.5222222222222221,1.0,0.0,1.0
5,0.44709532149136066,0.6211157104243403,0.6521739130434783,0.6666666666666666,0.5296296296296296,0.5222222222222221,1.0,0.0,1.0
6,0.36330271884799004,0.6156927684079045,0.6521739130434783,0.6666666666666666,0.5296296296296296,0.5222222222222221,1.0,0.0,1.0
7,0.38958910666406155,0.5987600139949633,0.6956521739130435,0.7083333333333334,0.6159844054580897,0.6107297228578694,1.0,0.125,1.0
8,0.3782428242266178,0.6085471666377523,0.6956521739130435,0.7083333333333334,0.6159844054580897,0.6107297228578694,1.0,0.125,1.0
