epoch,train_loss,val_loss,val_acc,val_balanced_acc,val_f1_macro,val_f1_weighted,val_recall_0,val_recall_1,val_recall_2
1,0.5961450897157192,0.7338107176448988,0.6521739130434783,0.6666666666666666,0.5296296296296296,0.5222222222222221,1.0,0.0,1.0
2,0.5468228459358215,0.7127300863680632,0.6521739130434783,0.6666666666666666,0.5296296296296296,0.5222222222222221,1.0,0.0,1.0
3,0.45888572931289673,0.678296016610187,0.6521739130434783,0.6666666666666666,0.5296296296296296,0.5222222222222221,1.0,0.0,1.0
4,0.47350409999489784,0.6375348127406576,0.7391304347826086,0.75,0.6888888888888888,0.6850241545893719,1.0,0.25,1.0
5,0.46069688722491264,0.6340819960055144,0.7391304347826086,0.75,0.6888888888888888,0.6850241545893719,1.0,0.25,1.0
6,0.37951040267944336,0.6283362378244814,0.7391304347826086,0.75,0.6888888888888888,0.6850241545893719,1.0,0.25,1.0
7,0.4068676345050335,0.6147962212562561,0.7391304347826086,0.75,0.6888888888888888,0.6850241545893719,1.0,0.25,1.0
8,0.3971269838511944,0.6272359697715096,0.782608695652174,0.7916666666666666,0.7548029312735195,0.7538040249037692,1.0,0.375,1.0
