{
  "0": {
    "precision": 0.875,
    "recall": 1.0,
    "f1-score": 0.9333333333333333,
    "support": 21.0
  },
  "1": {
    "precision": 0.7058823529411765,
    "recall": 0.5454545454545454,
    "f1-score": 0.6153846153846154,
    "support": 22.0
  },
  "2": {
    "precision": 0.7083333333333334,
    "recall": 0.7727272727272727,
    "f1-score": 0.7391304347826086,
    "support": 22.0
  },
  "accuracy": 0.7692307692307693,
  "macro avg": {
    "precision": 0.7630718954248367,
    "recall": 0.7727272727272728,
    "f1-score": 0.7626161278335192,
    "support": 65.0
  },
  "weighted avg": {
    "precision": 0.7613499245852188,
    "recall": 0.7692307692307693,
    "f1-score": 0.7599897092873682,
    "support": 65.0
  }
}