{
  "0": {
    "precision": 1.0,
    "recall": 0.9,
    "f1-score": 0.9473684210526315,
    "support": 10.0
  },
  "1": {
    "precision": 0.5454545454545454,
    "recall": 0.5454545454545454,
    "f1-score": 0.5454545454545454,
    "support": 11.0
  },
  "2": {
    "precision": 0.5833333333333334,
    "recall": 0.6363636363636364,
    "f1-score": 0.6086956521739131,
    "support": 11.0
  },
  "accuracy": 0.6875,
  "macro avg": {
    "precision": 0.7095959595959597,
    "recall": 0.6939393939393939,
    "f1-score": 0.70050620622703,
    "support": 32.0
  },
  "weighted avg": {
    "precision": 0.7005208333333334,
    "recall": 0.6875,
    "f1-score": 0.6927917620137299,
    "support": 32.0
  }
}