{
  "0": {
    "precision": 0.875,
    "recall": 1.0,
    "f1-score": 0.9333333333333333,
    "support": 21.0
  },
  "1": {
    "precision": 0.5757575757575758,
    "recall": 0.8636363636363636,
    "f1-score": 0.6909090909090909,
    "support": 22.0
  },
  "2": {
    "precision": 1.0,
    "recall": 0.36363636363636365,
    "f1-score": 0.5333333333333333,
    "support": 22.0
  },
  "accuracy": 0.7384615384615385,
  "macro avg": {
    "precision": 0.8169191919191919,
    "recall": 0.7424242424242425,
    "f1-score": 0.7191919191919193,
    "support": 65.0
  },
  "weighted avg": {
    "precision": 0.8160256410256411,
    "recall": 0.7384615384615385,
    "f1-score": 0.7158974358974358,
    "support": 65.0
  }
}