epoch,train_loss,val_loss,val_acc,val_balanced_acc,val_f1_macro,val_f1_weighted,val_recall_0,val_recall_1,val_recall_2
1,0.6016595140099525,0.6079683977624645,0.6956521739130435,0.6726190476190476,0.619281045751634,0.6353367433930094,1.0,0.875,0.14285714285714285
2,0.5855953469872475,0.6159692795380302,0.7391304347826086,0.7261904761904762,0.7177658942364825,0.7252576920096101,1.0,0.75,0.42857142857142855
