{
  "0": {
    "precision": 0.875,
    "recall": 1.0,
    "f1-score": 0.9333333333333333,
    "support": 21.0
  },
  "1": {
    "precision": 0.75,
    "recall": 0.8181818181818182,
    "f1-score": 0.782608695652174,
    "support": 22.0
  },
  "2": {
    "precision": 0.9411764705882353,
    "recall": 0.7272727272727273,
    "f1-score": 0.8205128205128205,
    "support": 22.0
  },
  "accuracy": 0.8461538461538461,
  "macro avg": {
    "precision": 0.8553921568627452,
    "recall": 0.8484848484848486,
    "f1-score": 0.8454849498327759,
    "support": 65.0
  },
  "weighted avg": {
    "precision": 0.8550904977375565,
    "recall": 0.8461538461538461,
    "f1-score": 0.8441334362404597,
    "support": 65.0
  }
}