epoch,train_loss,val_loss,val_acc,val_balanced_acc,val_f1_macro,val_f1_weighted,val_recall_0,val_recall_1,val_recall_2
1,0.5289990827441216,0.6742206254731054,0.6956521739130435,0.6845238095238094,0.676470588235294,0.6841432225063938,1.0,0.625,0.42857142857142855
2,0.42758584395051,0.6492498646611753,0.7391304347826086,0.7261904761904762,0.7177658942364825,0.7252576920096101,1.0,0.75,0.42857142857142855
3,0.25637494772672653,0.8605807268101237,0.6956521739130435,0.6964285714285715,0.6916666666666665,0.6927536231884057,0.875,0.5,0.7142857142857143
