{
  "0": {
    "precision": 0.9411764705882353,
    "recall": 0.8888888888888888,
    "f1-score": 0.9142857142857143,
    "support": 18.0
  },
  "1": {
    "precision": 0.6842105263157895,
    "recall": 0.7222222222222222,
    "f1-score": 0.7027027027027027,
    "support": 18.0
  },
  "2": {
    "precision": 0.7777777777777778,
    "recall": 0.7777777777777778,
    "f1-score": 0.7777777777777778,
    "support": 18.0
  },
  "accuracy": 0.7962962962962963,
  "macro avg": {
    "precision": 0.8010549248939342,
    "recall": 0.7962962962962963,
    "f1-score": 0.7982553982553983,
    "support": 54.0
  },
  "weighted avg": {
    "precision": 0.8010549248939342,
    "recall": 0.7962962962962963,
    "f1-score": 0.7982553982553982,
    "support": 54.0
  }
}