{
  "0": {
    "precision": 0.875,
    "recall": 1.0,
    "f1-score": 0.9333333333333333,
    "support": 21.0
  },
  "1": {
    "precision": 0.5625,
    "recall": 0.8181818181818182,
    "f1-score": 0.6666666666666666,
    "support": 22.0
  },
  "2": {
    "precision": 0.8888888888888888,
    "recall": 0.36363636363636365,
    "f1-score": 0.5161290322580645,
    "support": 22.0
  },
  "accuracy": 0.7230769230769231,
  "macro avg": {
    "precision": 0.7754629629629629,
    "recall": 0.7272727272727274,
    "f1-score": 0.7053763440860216,
    "support": 65.0
  },
  "weighted avg": {
    "precision": 0.773931623931624,
    "recall": 0.7230769230769231,
    "f1-score": 0.7018693134822167,
    "support": 65.0
  }
}