epoch,train_loss,val_loss,val_acc,val_balanced_acc,val_f1_macro,val_f1_weighted,val_recall_0,val_recall_1,val_recall_2
1,0.6238363161683083,0.6587200307327769,0.6086956521739131,0.5952380952380952,0.58328173374613,0.5912505047785706,0.875,0.625,0.2857142857142857
2,0.6343343108892441,0.662289005258809,0.6086956521739131,0.6011904761904762,0.5980392156862745,0.6023017902813299,0.875,0.5,0.42857142857142855
