epoch,train_loss,val_loss,val_acc,val_balanced_acc,val_f1_macro,val_f1_weighted,val_recall_0,val_recall_1,val_recall_2
1,0.5529749616980553,0.6644477066786393,0.782608695652174,0.7916666666666666,0.7713046757164405,0.7690340350186898,0.875,0.5,1.0
2,0.500222384929657,0.6807932490887849,0.7391304347826086,0.75,0.7175925925925926,0.714975845410628,0.875,0.375,1.0
