{
  "0": {
    "precision": 0.84,
    "recall": 1.0,
    "f1-score": 0.9130434782608695,
    "support": 21.0
  },
  "1": {
    "precision": 0.5142857142857142,
    "recall": 0.8181818181818182,
    "f1-score": 0.631578947368421,
    "support": 22.0
  },
  "2": {
    "precision": 1.0,
    "recall": 0.22727272727272727,
    "f1-score": 0.37037037037037035,
    "support": 22.0
  },
  "accuracy": 0.676923076923077,
  "macro avg": {
    "precision": 0.7847619047619047,
    "recall": 0.6818181818181818,
    "f1-score": 0.6383309319998869,
    "support": 65.0
  },
  "weighted avg": {
    "precision": 0.783912087912088,
    "recall": 0.676923076923077,
    "f1-score": 0.6341045851343333,
    "support": 65.0
  }
}