epoch,train_loss,val_loss,val_acc,val_balanced_acc,val_f1_macro,val_f1_weighted,val_recall_0,val_recall_1,val_recall_2
1,0.7785015814006329,0.7212716055952985,0.6086956521739131,0.5892857142857143,0.5562169312169312,0.5707384403036577,0.875,0.75,0.14285714285714285
2,0.980573333799839,0.7228133082389832,0.6521739130434783,0.6369047619047619,0.625,0.6347826086956523,0.875,0.75,0.2857142857142857
