epoch,train_loss,val_loss,val_acc,val_f1_macro,val_f1_weighted,val_balanced_acc,val_recall_0,val_recall_1,val_recall_2
1,0.6453233957290649,0.6736855325491532,0.782608695652174,0.7740146563675975,0.776046914154331,0.7738095238095237,1.0,0.75,0.5714285714285714
2,0.6187057942152023,0.6757032430690267,0.782608695652174,0.7680911680911681,0.7667038275733928,0.7857142857142857,1.0,0.5,0.8571428571428571
