{
  "0": {
    "precision": 0.84,
    "recall": 1.0,
    "f1-score": 0.9130434782608695,
    "support": 21.0
  },
  "1": {
    "precision": 0.75,
    "recall": 0.5454545454545454,
    "f1-score": 0.631578947368421,
    "support": 22.0
  },
  "2": {
    "precision": 0.75,
    "recall": 0.8181818181818182,
    "f1-score": 0.782608695652174,
    "support": 22.0
  },
  "accuracy": 0.7846153846153846,
  "macro avg": {
    "precision": 0.7799999999999999,
    "recall": 0.787878787878788,
    "f1-score": 0.7757437070938215,
    "support": 65.0
  },
  "weighted avg": {
    "precision": 0.7790769230769231,
    "recall": 0.7846153846153846,
    "f1-score": 0.7736314029220207,
    "support": 65.0
  }
}