{
  "0": {
    "precision": 0.9130434782608695,
    "recall": 0.9545454545454546,
    "f1-score": 0.9333333333333333,
    "support": 22.0
  },
  "1": {
    "precision": 0.8421052631578947,
    "recall": 0.7619047619047619,
    "f1-score": 0.8,
    "support": 21.0
  },
  "2": {
    "precision": 0.8695652173913043,
    "recall": 0.9090909090909091,
    "f1-score": 0.8888888888888888,
    "support": 22.0
  },
  "accuracy": 0.8769230769230769,
  "macro avg": {
    "precision": 0.8749046529366895,
    "recall": 0.8751803751803752,
    "f1-score": 0.8740740740740741,
    "support": 65.0
  },
  "weighted avg": {
    "precision": 0.8754092589332864,
    "recall": 0.8769230769230769,
    "f1-score": 0.8752136752136752,
    "support": 65.0
  }
}