epoch,train_loss,val_loss,val_acc,val_balanced_acc,val_f1_macro,val_f1_weighted,val_recall_0,val_recall_1,val_recall_2
1,0.6728689670562744,0.7470947452213453,0.7391304347826086,0.75,0.6888888888888888,0.6850241545893719,1.0,0.25,1.0
2,0.6557149216532707,0.7276164241459059,0.7391304347826086,0.75,0.6888888888888888,0.6850241545893719,1.0,0.25,1.0
3,0.5216648615896702,0.6583907863368159,0.782608695652174,0.7857142857142857,0.7680911680911681,0.7667038275733928,1.0,0.5,0.8571428571428571
4,0.4333413988351822,0.6727782228718633,0.8260869565217391,0.8273809523809524,0.8184873949579833,0.8192911947387651,1.0,0.625,0.8571428571428571
