epoch,train_loss,val_loss,val_acc,val_balanced_acc,val_f1_macro,val_f1_weighted,val_recall_0,val_recall_1,val_recall_2
1,0.5530095994472504,0.7036964737850687,0.6521739130434783,0.6666666666666666,0.5296296296296296,0.5222222222222221,1.0,0.0,1.0
2,0.5118761397898197,0.6868855072104413,0.6521739130434783,0.6666666666666666,0.5296296296296296,0.5222222222222221,1.0,0.0,1.0
3,0.4251518175005913,0.652936111325803,0.6521739130434783,0.6666666666666666,0.5296296296296296,0.5222222222222221,1.0,0.0,1.0
4,0.4479335304349661,0.6126826846081278,0.6521739130434783,0.6666666666666666,0.5296296296296296,0.5222222222222221,1.0,0.0,1.0
5,0.4394550211727619,0.6107769945393438,0.6521739130434783,0.6666666666666666,0.5296296296296296,0.5222222222222221,1.0,0.0,1.0
6,0.35651640594005585,0.6052891974863799,0.6956521739130435,0.7083333333333334,0.6159844054580897,0.6107297228578694,1.0,0.125,1.0
7,0.38374051079154015,0.5891418262668278,0.6956521739130435,0.7083333333333334,0.6159844054580897,0.6107297228578694,1.0,0.125,1.0
8,0.371945533901453,0.5985072021899016,0.6956521739130435,0.7083333333333334,0.6159844054580897,0.6107297228578694,1.0,0.125,1.0
