{
  "0": {
    "precision": 0.84,
    "recall": 1.0,
    "f1-score": 0.9130434782608695,
    "support": 21.0
  },
  "1": {
    "precision": 0.0,
    "recall": 0.0,
    "f1-score": 0.0,
    "support": 22.0
  },
  "2": {
    "precision": 0.55,
    "recall": 1.0,
    "f1-score": 0.7096774193548387,
    "support": 22.0
  },
  "accuracy": 0.6615384615384615,
  "macro avg": {
    "precision": 0.4633333333333334,
    "recall": 0.6666666666666666,
    "f1-score": 0.5409069658719027,
    "support": 65.0
  },
  "weighted avg": {
    "precision": 0.45753846153846156,
    "recall": 0.6615384615384615,
    "f1-score": 0.5351817887582264,
    "support": 65.0
  }
}