{
  "0": {
    "precision": 0.8076923076923077,
    "recall": 1.0,
    "f1-score": 0.8936170212765957,
    "support": 21.0
  },
  "1": {
    "precision": 0.7,
    "recall": 0.6363636363636364,
    "f1-score": 0.6666666666666666,
    "support": 22.0
  },
  "2": {
    "precision": 0.8421052631578947,
    "recall": 0.7272727272727273,
    "f1-score": 0.7804878048780488,
    "support": 22.0
  },
  "accuracy": 0.7846153846153846,
  "macro avg": {
    "precision": 0.7832658569500675,
    "recall": 0.7878787878787877,
    "f1-score": 0.7802571642737703,
    "support": 65.0
  },
  "weighted avg": {
    "precision": 0.7828900654001868,
    "recall": 0.7846153846153846,
    "f1-score": 0.7785131664737269,
    "support": 65.0
  }
}