{
  "0": {
    "precision": 0.9444444444444444,
    "recall": 0.8095238095238095,
    "f1-score": 0.8717948717948718,
    "support": 21.0
  },
  "1": {
    "precision": 0.6956521739130435,
    "recall": 0.7272727272727273,
    "f1-score": 0.7111111111111111,
    "support": 22.0
  },
  "2": {
    "precision": 0.7916666666666666,
    "recall": 0.8636363636363636,
    "f1-score": 0.8260869565217391,
    "support": 22.0
  },
  "accuracy": 0.8,
  "macro avg": {
    "precision": 0.8105877616747182,
    "recall": 0.8001443001443002,
    "f1-score": 0.8029976464759074,
    "support": 65.0
  },
  "weighted avg": {
    "precision": 0.8085284280936454,
    "recall": 0.8,
    "f1-score": 0.8019392276248464,
    "support": 65.0
  }
}