epoch,train_loss,val_loss,val_acc,val_balanced_acc,val_f1_macro,val_f1_weighted,val_recall_0,val_recall_1,val_recall_2
1,0.6542713493108749,0.7268616686696592,0.7391304347826086,0.75,0.6888888888888888,0.6850241545893719,1.0,0.25,1.0
2,0.5852656252682209,0.6977139322654061,0.7391304347826086,0.75,0.6888888888888888,0.6850241545893719,1.0,0.25,1.0
3,0.5107249319553375,0.6725806023763574,0.8260869565217391,0.8333333333333334,0.8104575163398694,0.8098891730605287,1.0,0.5,1.0
4,0.5005557350814342,0.6385748904684315,0.8260869565217391,0.8273809523809524,0.8184873949579833,0.8192911947387651,1.0,0.625,0.8571428571428571
5,0.4760488346219063,0.6345722688281018,0.8260869565217391,0.8273809523809524,0.8184873949579833,0.8192911947387651,1.0,0.625,0.8571428571428571
6,0.4047298803925514,0.6294310650099879,0.8260869565217391,0.8273809523809524,0.8184873949579833,0.8192911947387651,1.0,0.625,0.8571428571428571
7,0.43499065190553665,0.623161441606024,0.8260869565217391,0.8273809523809524,0.8184873949579833,0.8192911947387651,1.0,0.625,0.8571428571428571
8,0.4263622649013996,0.6395110967366592,0.8260869565217391,0.8273809523809524,0.8184873949579833,0.8192911947387651,1.0,0.625,0.8571428571428571
