epoch,train_loss,val_loss,val_acc,val_balanced_acc,val_f1_macro,val_f1_weighted,val_recall_0,val_recall_1,val_recall_2
1,0.5937558189034462,0.6115155673545339,0.7391304347826086,0.7261904761904762,0.7177658942364825,0.7252576920096101,1.0,0.75,0.42857142857142855
2,0.548847995698452,0.6484130750531736,0.8695652173913043,0.875,0.8618024132730016,0.8612286051544364,1.0,0.625,1.0
