epoch,train_loss,val_loss,val_acc,val_balanced_acc,val_f1_macro,val_f1_weighted,val_recall_0,val_recall_1,val_recall_2
1,0.4285393264144659,0.6411760125471198,0.6521739130434783,0.6428571428571429,0.6296296296296297,0.6352657004830917,1.0,0.5,0.42857142857142855
2,0.33191167563199997,0.6823751511781112,0.7391304347826086,0.7380952380952381,0.7380952380952381,0.7391304347826086,0.875,0.625,0.7142857142857143
