epoch,train_loss,val_loss,val_acc,val_balanced_acc,val_f1_macro,val_f1_weighted,val_recall_0,val_recall_1,val_recall_2
1,0.5824716873466969,0.6799004181571628,0.782608695652174,0.7797619047619048,0.7833710407239819,0.7839858351367305,0.875,0.75,0.7142857142857143
2,0.5819153822958469,0.6989718183227207,0.7391304347826086,0.75,0.7175925925925926,0.714975845410628,0.875,0.375,1.0
