{
  "0": {
    "precision": 0.84,
    "recall": 1.0,
    "f1-score": 0.9130434782608695,
    "support": 21.0
  },
  "1": {
    "precision": 0.7142857142857143,
    "recall": 0.45454545454545453,
    "f1-score": 0.5555555555555556,
    "support": 22.0
  },
  "2": {
    "precision": 0.6923076923076923,
    "recall": 0.8181818181818182,
    "f1-score": 0.75,
    "support": 22.0
  },
  "accuracy": 0.7538461538461538,
  "macro avg": {
    "precision": 0.7488644688644689,
    "recall": 0.7575757575757577,
    "f1-score": 0.7395330112721417,
    "support": 65.0
  },
  "weighted avg": {
    "precision": 0.7474623837700761,
    "recall": 0.7538461538461538,
    "f1-score": 0.736863619472315,
    "support": 65.0
  }
}