epoch,train_loss,val_loss,val_acc,val_balanced_acc,val_f1_macro,val_f1_weighted,val_recall_0,val_recall_1,val_recall_2
1,0.6583747416734695,0.7729620726212211,0.6086956521739131,0.6190476190476191,0.5573380867498514,0.5525846702317291,0.875,0.125,0.8571428571428571
2,0.6458104848861694,0.7812779649444248,0.6521739130434783,0.6666666666666666,0.5867905056759546,0.5802665230852067,0.875,0.125,1.0
