epoch,train_loss,val_loss,val_acc,val_balanced_acc,val_f1_macro,val_f1_weighted,val_recall_0,val_recall_1,val_recall_2
1,0.6116327419877052,0.6794618964195251,0.7391304347826086,0.7440476190476191,0.7316526610644258,0.7286810376324443,0.875,0.5,0.8571428571428571
2,0.5690937899053097,0.709333510502525,0.7391304347826086,0.75,0.7156862745098039,0.7109974424552429,0.875,0.375,1.0
