{
  "0": {
    "precision": 0.9285714285714286,
    "recall": 0.8666666666666667,
    "f1-score": 0.896551724137931,
    "support": 15.0
  },
  "1": {
    "precision": 0.7333333333333333,
    "recall": 0.7333333333333333,
    "f1-score": 0.7333333333333333,
    "support": 15.0
  },
  "2": {
    "precision": 0.8235294117647058,
    "recall": 0.875,
    "f1-score": 0.8484848484848485,
    "support": 16.0
  },
  "accuracy": 0.8260869565217391,
  "macro avg": {
    "precision": 0.8284780578898226,
    "recall": 0.8250000000000001,
    "f1-score": 0.826123301985371,
    "support": 46.0
  },
  "weighted avg": {
    "precision": 0.828370478626233,
    "recall": 0.8260869565217391,
    "f1-score": 0.8266094225614466,
    "support": 46.0
  }
}