{
  "0": {
    "precision": 0.9166666666666666,
    "recall": 1.0,
    "f1-score": 0.9565217391304348,
    "support": 22.0
  },
  "1": {
    "precision": 0.7619047619047619,
    "recall": 0.7619047619047619,
    "f1-score": 0.7619047619047619,
    "support": 21.0
  },
  "2": {
    "precision": 0.85,
    "recall": 0.7727272727272727,
    "f1-score": 0.8095238095238095,
    "support": 22.0
  },
  "accuracy": 0.8461538461538461,
  "macro avg": {
    "precision": 0.8428571428571429,
    "recall": 0.8448773448773448,
    "f1-score": 0.8426501035196687,
    "support": 65.0
  },
  "weighted avg": {
    "precision": 0.844102564102564,
    "recall": 0.8461538461538461,
    "f1-score": 0.8438923395445135,
    "support": 65.0
  }
}