epoch,train_loss,val_loss,val_acc,val_f1_macro,val_f1_weighted,val_balanced_acc,val_recall_0,val_recall_1,val_recall_2
1,0.5619518384337425,0.7032078608222629,0.6521739130434783,0.5296296296296296,0.5222222222222221,0.6666666666666666,1.0,0.0,1.0
2,0.5177398808300495,0.6853304012962009,0.6521739130434783,0.5296296296296296,0.5222222222222221,0.6666666666666666,1.0,0.0,1.0
3,0.4308246448636055,0.6514608393544736,0.6521739130434783,0.5296296296296296,0.5222222222222221,0.6666666666666666,1.0,0.0,1.0
4,0.4487658068537712,0.6120406790919926,0.6521739130434783,0.5296296296296296,0.5222222222222221,0.6666666666666666,1.0,0.0,1.0
5,0.43956571631133556,0.6095940263374992,0.6956521739130435,0.6159844054580897,0.6107297228578694,0.7083333333333334,1.0,0.125,1.0
6,0.35771678388118744,0.6040625066860862,0.6956521739130435,0.6159844054580897,0.6107297228578694,0.7083333333333334,1.0,0.125,1.0
7,0.38555097207427025,0.5894004378629767,0.6956521739130435,0.6159844054580897,0.6107297228578694,0.7083333333333334,1.0,0.125,1.0
8,0.37456999346613884,0.5993873554727306,0.6956521739130435,0.6159844054580897,0.6107297228578694,0.7083333333333334,1.0,0.125,1.0
