{
  "0": {
    "precision": 0.875,
    "recall": 1.0,
    "f1-score": 0.9333333333333333,
    "support": 21.0
  },
  "1": {
    "precision": 0.6818181818181818,
    "recall": 0.6818181818181818,
    "f1-score": 0.6818181818181818,
    "support": 22.0
  },
  "2": {
    "precision": 0.7894736842105263,
    "recall": 0.6818181818181818,
    "f1-score": 0.7317073170731707,
    "support": 22.0
  },
  "accuracy": 0.7846153846153846,
  "macro avg": {
    "precision": 0.7820972886762361,
    "recall": 0.7878787878787877,
    "f1-score": 0.7822862774082285,
    "support": 65.0
  },
  "weighted avg": {
    "precision": 0.7806680161943319,
    "recall": 0.7846153846153846,
    "f1-score": 0.7799624765478425,
    "support": 65.0
  }
}