epoch,train_loss,val_loss,val_acc,val_f1_macro,val_f1_weighted,val_balanced_acc,val_recall_0,val_recall_1,val_recall_2
1,0.667625542730093,0.6897935452668563,0.782608695652174,0.7688536953242835,0.769673421207948,0.7857142857142857,1.0,0.5,0.8571428571428571
2,0.6456971690058708,0.6207236427327861,0.8260869565217391,0.8184873949579833,0.8192911947387651,0.8273809523809524,1.0,0.625,0.8571428571428571
3,0.5275146141648293,0.582827100287313,0.8260869565217391,0.8201357466063349,0.822349006492229,0.8214285714285715,1.0,0.75,0.7142857142857143
4,0.5001125484704971,0.6618563921555228,0.782608695652174,0.7688536953242835,0.769673421207948,0.7857142857142857,1.0,0.5,0.8571428571428571
