{
  "0": {
    "precision": 0.875,
    "recall": 1.0,
    "f1-score": 0.9333333333333333,
    "support": 21.0
  },
  "1": {
    "precision": 0.48717948717948717,
    "recall": 0.8636363636363636,
    "f1-score": 0.6229508196721312,
    "support": 22.0
  },
  "2": {
    "precision": 1.0,
    "recall": 0.09090909090909091,
    "f1-score": 0.16666666666666666,
    "support": 22.0
  },
  "accuracy": 0.6461538461538462,
  "macro avg": {
    "precision": 0.7873931623931624,
    "recall": 0.6515151515151515,
    "f1-score": 0.5743169398907104,
    "support": 65.0
  },
  "weighted avg": {
    "precision": 0.7860453648915187,
    "recall": 0.6461538461538462,
    "f1-score": 0.5687936107608239,
    "support": 65.0
  }
}