epoch,train_loss,val_loss,val_acc,val_balanced_acc,val_f1_macro,val_f1_weighted,val_recall_0,val_recall_1,val_recall_2
1,0.7354959882795811,0.6897120475769043,0.6086956521739131,0.5833333333333334,0.48677248677248675,0.5079365079365079,1.0,0.75,0.0
2,0.6304855681955814,0.7388540713683419,0.7391304347826086,0.75,0.6888888888888888,0.6850241545893719,1.0,0.25,1.0
