{
  "0": {
    "precision": 0.875,
    "recall": 0.9545454545454546,
    "f1-score": 0.9130434782608695,
    "support": 22.0
  },
  "1": {
    "precision": 0.7727272727272727,
    "recall": 0.7727272727272727,
    "f1-score": 0.7727272727272727,
    "support": 22.0
  },
  "2": {
    "precision": 0.8947368421052632,
    "recall": 0.8095238095238095,
    "f1-score": 0.85,
    "support": 21.0
  },
  "accuracy": 0.8461538461538461,
  "macro avg": {
    "precision": 0.847488038277512,
    "recall": 0.8455988455988456,
    "f1-score": 0.8452569169960474,
    "support": 65.0
  },
  "weighted avg": {
    "precision": 0.8467611336032389,
    "recall": 0.8461538461538461,
    "f1-score": 0.8451839464882942,
    "support": 65.0
  }
}