{
  "0": {
    "precision": 0.8076923076923077,
    "recall": 1.0,
    "f1-score": 0.8936170212765957,
    "support": 21.0
  },
  "1": {
    "precision": 0.4358974358974359,
    "recall": 0.7727272727272727,
    "f1-score": 0.5573770491803278,
    "support": 22.0
  },
  "2": {
    "precision": 0.0,
    "recall": 0.0,
    "f1-score": 0.0,
    "support": 22.0
  },
  "accuracy": 0.5846153846153846,
  "macro avg": {
    "precision": 0.41452991452991456,
    "recall": 0.5909090909090909,
    "f1-score": 0.48366469015230784,
    "support": 65.0
  },
  "weighted avg": {
    "precision": 0.40848126232741616,
    "recall": 0.5846153846153846,
    "f1-score": 0.4773577312119342,
    "support": 65.0
  }
}