{
  "0": {
    "precision": 0.875,
    "recall": 1.0,
    "f1-score": 0.9333333333333333,
    "support": 21.0
  },
  "1": {
    "precision": 0.68,
    "recall": 0.7727272727272727,
    "f1-score": 0.723404255319149,
    "support": 22.0
  },
  "2": {
    "precision": 0.875,
    "recall": 0.6363636363636364,
    "f1-score": 0.7368421052631579,
    "support": 22.0
  },
  "accuracy": 0.8,
  "macro avg": {
    "precision": 0.81,
    "recall": 0.8030303030303031,
    "f1-score": 0.7978598979718802,
    "support": 65.0
  },
  "weighted avg": {
    "precision": 0.809,
    "recall": 0.8,
    "f1-score": 0.7957756912740116,
    "support": 65.0
  }
}