epoch,train_loss,val_loss,val_acc,val_balanced_acc,val_f1_macro,val_f1_weighted,val_recall_0,val_recall_1,val_recall_2
1,0.5827164798974991,0.702162926611693,0.6956521739130435,0.6904761904761904,0.6928733031674209,0.6962423765492821,0.875,0.625,0.5714285714285714
2,0.6199592649936676,0.7420820904814679,0.8260869565217391,0.8273809523809524,0.8184873949579833,0.8192911947387651,1.0,0.625,0.8571428571428571
