epoch,train_loss,val_loss,val_acc,val_balanced_acc,val_f1_macro,val_f1_weighted,val_recall_0,val_recall_1,val_recall_2
1,0.887492448091507,0.7276247921197311,0.7391304347826086,0.7321428571428571,0.7268518518518517,0.7294685990338164,1.0,0.625,0.5714285714285714
2,0.695222519338131,0.752380345178687,0.6956521739130435,0.7083333333333334,0.6159844054580897,0.6107297228578694,1.0,0.125,1.0
