epoch,train_loss,val_loss,val_acc,val_balanced_acc,val_f1_macro,val_f1_weighted,val_recall_0,val_recall_1,val_recall_2
1,0.5926431119441986,0.7667686628258746,0.6521739130434783,0.6666666666666666,0.5296296296296296,0.5222222222222221,1.0,0.0,1.0
2,0.5535016655921936,0.747016235538151,0.6521739130434783,0.6666666666666666,0.5296296296296296,0.5222222222222221,1.0,0.0,1.0
3,0.4617925323545933,0.7089254208233046,0.6521739130434783,0.6666666666666666,0.5296296296296296,0.5222222222222221,1.0,0.0,1.0
4,0.4939529187977314,0.6639250827872235,0.6521739130434783,0.6666666666666666,0.5296296296296296,0.5222222222222221,1.0,0.0,1.0
5,0.4853879101574421,0.6629661425300266,0.6956521739130435,0.7083333333333334,0.6211328976034858,0.6177038931514633,1.0,0.125,1.0
6,0.39862440153956413,0.6566815635432368,0.6956521739130435,0.7083333333333334,0.6211328976034858,0.6177038931514633,1.0,0.125,1.0
7,0.4207718297839165,0.6373983854832856,0.7391304347826086,0.75,0.6926728586171311,0.690752456589043,1.0,0.25,1.0
8,0.40852320194244385,0.6505993630575098,0.7391304347826086,0.75,0.6926728586171311,0.690752456589043,1.0,0.25,1.0
