{
  "0": {
    "precision": 0.8076923076923077,
    "recall": 1.0,
    "f1-score": 0.8936170212765957,
    "support": 21.0
  },
  "1": {
    "precision": 1.0,
    "recall": 0.13636363636363635,
    "f1-score": 0.24,
    "support": 22.0
  },
  "2": {
    "precision": 0.6111111111111112,
    "recall": 1.0,
    "f1-score": 0.7586206896551724,
    "support": 22.0
  },
  "accuracy": 0.7076923076923077,
  "macro avg": {
    "precision": 0.8062678062678064,
    "recall": 0.712121212121212,
    "f1-score": 0.6307459036439227,
    "support": 65.0
  },
  "weighted avg": {
    "precision": 0.8062458908612755,
    "recall": 0.7076923076923077,
    "f1-score": 0.62670173260342,
    "support": 65.0
  }
}