epoch,train_loss,val_loss,val_acc,val_f1_macro,val_f1_weighted,val_balanced_acc,val_recall_0,val_recall_1,val_recall_2
1,0.5481185205280781,0.6602919464525969,0.6521739130434783,0.5916666666666667,0.5869565217391305,0.6666666666666666,0.875,0.125,1.0
2,0.5506075471639633,0.7144907712936401,0.6521739130434783,0.5916666666666667,0.5869565217391305,0.6666666666666666,0.875,0.125,1.0
