,model,X_Processing,auc_cv_mean,auc_cv_std
0,minmax_decision_tree,X_STATS,0.8712768549280178,0.0097511441854188
1,minmax_random_forest,X_V06_STATS,0.9678870431893688,0.004053115130427
2,extra_trees,X_V06_STATS,0.9683394241417496,0.0041197265649894
3,xgboost,X_V06_STATS,0.966282392026578,0.0047537912227426
4,adaboost,X_STATS,0.963299003322259,0.0063362398394757
5,svm,X_V06_STATS,0.9695642303433004,0.0051709070124227
6,minmax_logistic_regression,X_V06_DELTA,0.9671029900332224,0.0055278135513978
7,minmax_knn,X_STATS,0.9445714285714286,0.0049060562518047
8,standard_gaussian_nb,X_STATS,0.9405697674418604,0.0064279455401018
