model,auc_cv_mean,auc_cv_std
decision_tree_MI_RFECV,0.9328543743078626,0.0061472247937857
random_forest_MI,0.9687104097452934,0.0046754614186048
extra_trees,0.9683394241417496,0.0041197265649894
xgboost_MI,0.966375415282392,0.0045256674175759
adaboost_SP,0.9638410852713178,0.0051268144444705
svm_SP,0.969780177187154,0.0047569388504882
logistic_regression_MI,0.9688217054263568,0.0053446262358904
knn_SP,0.9464019933554816,0.005740784698986
gaussian_nb_MI,0.9414102990033224,0.005661039382533
