{
  "0": {
    "precision": 0.875,
    "recall": 1.0,
    "f1-score": 0.9333333333333333,
    "support": 21.0
  },
  "1": {
    "precision": 0.5172413793103449,
    "recall": 0.6818181818181818,
    "f1-score": 0.5882352941176471,
    "support": 22.0
  },
  "2": {
    "precision": 0.6666666666666666,
    "recall": 0.36363636363636365,
    "f1-score": 0.47058823529411764,
    "support": 22.0
  },
  "accuracy": 0.676923076923077,
  "macro avg": {
    "precision": 0.6863026819923371,
    "recall": 0.6818181818181818,
    "f1-score": 0.6640522875816993,
    "support": 65.0
  },
  "weighted avg": {
    "precision": 0.6833996463306808,
    "recall": 0.676923076923077,
    "f1-score": 0.6599095022624435,
    "support": 65.0
  }
}